display,name,revenue_mln,avg_price,commission_pct,buyout_pct,parent_category,full_path,issues,niche_status,fix_action
Автомобили новые,Автомобили новые,3566.4,0.0,0.5,0.0,Транспортные средства,Транспортные средства/Автомобили,no_price,,MPStats refresh
Матрешки,Матрешки,102.6,1220.0,29.5,0.6923,БЕЗ ПУТИ,,no_path,,Поиск пути
Шлиф-ленты,Шлиф-ленты,73.9,811.0,31.5,0.9318000000000001,БЕЗ ПУТИ,,no_path,,Поиск пути
Плоттеры,Плоттеры,24.7,2467.0,24.5,0.8332999999999999,БЕЗ ПУТИ,,no_path,,Поиск пути
Вспомогательные передачи,Вспомогательные передачи,23.6,1271.0,21.5,0.0,БЕЗ ПУТИ,,no_path,,Поиск пути
Витаминно-минеральные препараты,Витаминно-минеральные препараты,21.3,0.0,3.0,0.0,Лекарственные препараты,Лекарственные препараты,no_price,,MPStats refresh
Ввёртыши,Ввёртыши,14.1,659.0,27.5,1.0,БЕЗ ПУТИ,,no_path,,Поиск пути
Выпускные газопроводы,Выпускные газопроводы,12.4,1453.5,26.5,0.907,БЕЗ ПУТИ,,no_path,,Поиск пути
Препараты для пищеварительной системы,Препараты для пищеварительной системы,11.5,0.0,3.0,1.0,Здоровье,Здоровье/БАДы/Для пищеварения и обмена веществ,no_price,,MPStats refresh
Стрелы для лука,Стрелы для лука,11.1,2837.0,27.5,0.8992,БЕЗ ПУТИ,,no_path,,Поиск пути
Шейки оси автомобильные,Шейки оси автомобильные,10.7,1128.5,26.5,1.0,БЕЗ ПУТИ,,no_path,,Поиск пути
Дерматологические препараты,Дерматологические препараты,8.9,0.0,3.0,1.0,Лекарственные препараты,Лекарственные препараты,no_price,,MPStats refresh
Недоуздки,Недоуздки,8.8,1367.0,29.5,0.6154,БЕЗ ПУТИ,,no_path,,Поиск пути
Этюдники,Этюдники,7.6,1107.0,29.5,0.8462000000000001,БЕЗ ПУТИ,,no_path,,Поиск пути
Маяки строительные,Маяки строительные,7.4,1001.0,31.5,0.64,БЕЗ ПУТИ,,no_path,,Поиск пути
Шарниры коленчатые,Шарниры коленчатые,7.3,1872.0,21.5,0.0,БЕЗ ПУТИ,,no_path,,Поиск пути
Наглядные пособия,Наглядные пособия,7.1,674.0,29.5,0.9059999999999999,БЕЗ ПУТИ,,no_path,,Поиск пути
Продукты / Мороженое,Мороженое,7.0,0.0,16.5,1.0,Продукты,Продукты/Замороженная продукция/Мороженое,no_price,,MPStats refresh
Продукты / Коктейли,Коктейли алкогольные,6.7,0.0,9.5,0.0,Продукты,Продукты/Алкоголь/Коктейли/Коктейль алкогольный,no_price,,MPStats refresh
Колодцы,Колодцы,6.5,4027.0,23.5,0.0,БЕЗ ПУТИ,,no_path,,Поиск пути
Сваи,Сваи,5.9,1474.0,25.5,0.4,БЕЗ ПУТИ,,no_path,,Поиск пути
Багорики,Багорики,5.6,693.0,27.5,0.888,БЕЗ ПУТИ,,no_path,,Поиск пути
Дыхательные контуры,Дыхательные контуры,5.1,692.0,25.5,0.8284999999999999,БЕЗ ПУТИ,,no_path,,Поиск пути
Торсионы автомобильные,Торсионы автомобильные,5.1,2971.0,26.5,1.0,БЕЗ ПУТИ,,no_path,,Поиск пути
Солемеры,Солемеры,4.3,493.0,27.5,1.0,БЕЗ ПУТИ,,no_path,,Поиск пути
Шагомеры,Шагомеры,4.0,525.0,27.5,0.5,БЕЗ ПУТИ,,no_path,,Поиск пути
Противоварикозные препараты,Противоварикозные препараты,3.9,0.0,3.0,0.0,Лекарственные препараты,Лекарственные препараты,no_price,,MPStats refresh
Водосгоны автомобильные,Водосгоны автомобильные,3.6,679.0,26.5,0.9113,БЕЗ ПУТИ,,no_path,,Поиск пути
Оксиметры,Оксиметры,3.4,632.0,27.5,1.0,БЕЗ ПУТИ,,no_path,,Поиск пути
Противогрибковые препараты,Противогрибковые препараты,3.3,0.0,3.0,1.0,Лекарственные препараты,Лекарственные препараты,no_price,,MPStats refresh
Автомобили с пробегом,Автомобили с пробегом,3.2,0.0,0.5,0.0,Транспортные средства,Транспортные средства/Автомобили,no_price,,MPStats refresh
Стрелы арбалетные,Стрелы арбалетные,3.1,1038.0,27.5,0.8918,БЕЗ ПУТИ,,no_path,,Поиск пути
Антигистаминные препараты,Антигистаминные препараты,2.6,0.0,3.0,0.0,Лекарственные препараты,Лекарственные препараты,no_price,,MPStats refresh
Подпятники автомобильные,Подпятники автомобильные,2.3,567.0,26.5,0.8952,БЕЗ ПУТИ,,no_path,,Поиск пути
Блокаторы вирусов,Блокаторы вирусов,2.3,582.0,25.5,0.9367,БЕЗ ПУТИ,,no_path,,Поиск пути
Сертификаты расширенной гарантии,Сертификаты расширенной гарантии,1.9,1232.5,27.5,0.0,БЕЗ ПУТИ,,no_path,,Поиск пути
Раколовки,Раколовки,1.8,609.0,27.5,0.0,БЕЗ ПУТИ,,no_path,,Поиск пути
Разметки для игр,Разметки для игр,1.7,946.5,27.5,0.8,БЕЗ ПУТИ,,no_path,,Поиск пути
Совочки,Совочки,1.6,635.0,23.5,1.0,БЕЗ ПУТИ,,no_path,,Поиск пути
Центроискатели,Центроискатели,1.5,785.0,31.5,0.0,БЕЗ ПУТИ,,no_path,,Поиск пути
Препараты от вредных привычек,Препараты от вредных привычек,1.5,0.0,3.0,1.0,Лекарственные препараты,Лекарственные препараты,no_price,,MPStats refresh
Туторы пальцевые,Туторы пальцевые,1.3,821.0,25.0,0.6128,БЕЗ ПУТИ,,no_path,,Поиск пути
Подшивы,Подшивы,1.0,626.0,29.5,0.9192,БЕЗ ПУТИ,,no_path,,Поиск пути
Горжетки,Горжетки,0.6,1467.0,34.5,1.0,БЕЗ ПУТИ,,no_path,,Поиск пути
Противогеморроидальные препараты,Противогеморроидальные препараты,0.6,0.0,3.0,0.0,Лекарственные препараты,Лекарственные препараты,no_price,,MPStats refresh
Стоматологические препараты,Стоматологические препараты,0.5,0.0,3.0,0.0,Лекарственные препараты,Лекарственные препараты,no_price,,MPStats refresh
Ершовая загрузка,Ершовая загрузка,0.4,326.0,28.0,0.0,БЕЗ ПУТИ,,no_path,,Поиск пути
Накатки для лыж,Накатки для лыж,0.4,2098.0,22.5,1.0,БЕЗ ПУТИ,,no_path,,Поиск пути
Продукты / Пироги,Пироги,0.3,0.0,16.5,1.0,Продукты,"Продукты/Сладости и хлебобулочные изделия/Пироги, сдоба, кексы, рулеты/Пирог",no_price,,MPStats refresh
Тороки для дичи,Тороки для дичи,0.3,591.0,27.5,1.0,БЕЗ ПУТИ,,no_path,,Поиск пути
Замороженные вторые блюда,Замороженные вторые блюда,0.3,0.0,16.5,0.0,Продукты,Продукты/Готовая еда/Закуски/Замороженные вторые блюда,no_price,,MPStats refresh
Продукты / Стритфуд,Стритфуд,0.3,0.0,16.5,0.0,Продукты,Продукты/Готовая еда/Закуски/Стритфуд,no_price,,MPStats refresh
Высотомеры,Высотомеры,0.2,2962.0,22.5,0.0,БЕЗ ПУТИ,,no_path,,Поиск пути
Панельки под микросхемы,Панельки под микросхемы,0.2,432.5,28.5,0.0,БЕЗ ПУТИ,,no_path,,Поиск пути
Саке,Саке,0.2,3720.0,4.5,0.0,БЕЗ ПУТИ,,no_path,,Поиск пути
Акции / Филе,Филе,0.2,0.0,16.5,0.0,Акции,Акции/Дачные скидки/Продукты/Мясная продукция/Филе,no_price,,MPStats refresh
Шпиндели автомобильные,Шпиндели автомобильные,0.2,1562.0,21.5,0.0,БЕЗ ПУТИ,,no_path,,Поиск пути
Продукты / Фрикадельки,Фрикадельки,0.2,0.0,16.5,0.0,Продукты,Продукты/Бакалея/Крупы/Фрикадельки,no_price,,MPStats refresh
Продукты / Блины,Блины,0.2,0.0,21.5,0.0,Продукты,Продукты/Готовая еда/Закуски/Блины,no_price,,MPStats refresh
Солезаменители,Солезаменители,0.2,296.0,21.5,0.9895,БЕЗ ПУТИ,,no_path,,Поиск пути
Продукты / Сырники,Сырники,0.2,0.0,16.5,0.0,Продукты,Продукты/Здоровое питание/Сырники,no_price,,MPStats refresh
Продукты / Пицца,Пицца,0.1,0.0,16.5,0.0,Продукты,Продукты/Готовая еда/Пицца,no_price,,MPStats refresh
Продукты / Вареники,Вареники,0.1,0.0,16.5,0.0,Продукты,Продукты/Вкусные подарки/Вареники,no_price,,MPStats refresh
Продукты / Сэндвичи,Сэндвичи,0.1,0.0,16.5,0.0,Продукты,Продукты/Готовая еда/Закуски/Сэндвичи,no_price,,MPStats refresh
Люля-кебаб,Люля-кебаб,0.1,146.5,16.5,0.0,БЕЗ ПУТИ,,no_path,,Поиск пути
Пантолеты,Пантолеты,0.1,1500.0,0.0,1.0,БЕЗ ПУТИ,,no_path,,Поиск пути
Продукты / Голубцы,Голубцы,0.1,0.0,16.5,0.0,Продукты,Продукты/Бакалея/Консервация/Голубцы,no_price,,MPStats refresh
Лангустины,Лангустины,0.1,1829.0,16.5,0.0,БЕЗ ПУТИ,,no_path,,Поиск пути
Продукты / Замороженная пицца,Замороженная пицца,0.0,0.0,16.5,0.0,Продукты,Продукты/Готовая еда/Закуски/Замороженная пицца,no_price,,MPStats refresh
Хинкали,Хинкали,0.0,0.0,16.5,1.0,БЕЗ ПУТИ,,"no_path, no_price",,Поиск пути
Продукты / Пирожки,Пирожки,0.0,0.0,16.5,0.0,Продукты,Продукты/Снеки/Пирожки,no_price,,MPStats refresh
Блейзеры,Блейзеры,0.0,0.0,0.0,1.0,БЕЗ ПУТИ,,"no_path, no_price",,Поиск пути
Катык,Катык,0.0,0.0,16.5,0.0,БЕЗ ПУТИ,,"no_path, no_price",,Поиск пути
Продукты / Готовые салаты,Готовые салаты,0.0,0.0,21.5,1.0,Продукты,Продукты/Готовая еда/Салаты/Готовый салат,no_price,,MPStats refresh
Продукты / Сорбет,Сорбет,0.0,0.0,16.5,0.0,Продукты,"Продукты/Сладости и хлебобулочные изделия/Желе, крем-десерты, пудинги/Сорбет",no_price,,MPStats refresh
Продукты / Чиабатта,Чиабатта,0.0,0.0,16.5,0.0,Продукты,Продукты/Готовая еда/Остальное/Чиабатта,no_price,,MPStats refresh
Шницели,Шницели,0.0,414.5,16.5,0.0,БЕЗ ПУТИ,,no_path,,Поиск пути
Слиперы,Слиперы,0.0,2556.0,0.0,1.0,БЕЗ ПУТИ,,no_path,,Поиск пути
Монокини,Монокини,0.0,2873.0,0.0,0.0,БЕЗ ПУТИ,,no_path,,Поиск пути
Бекон,Бекон,0.0,187.0,16.5,0.0,БЕЗ ПУТИ,,no_path,,Поиск пути
Женщинам / Бандажи,Бандажи голени,0.0,5198.0,0.0,1.0,Здоровье,Здоровье/Ортопедия/Бандажи и ортезы,zero_revenue,dead,DEAD — скрыть из поиска
Сад и дача / Теплица,Форточки для теплиц,0.0,882.0,0.0,1.0,Сад и дача,"Сад и дача/Теплицы, парники, укрывной материал/Теплицы и аксессуары/Комплектующие для теплиц",zero_revenue,,Мёртвая ниша
Шашки казачьи,Шашки казачьи,0.0,4361.5,0.0,1.0,БЕЗ ПУТИ,,"no_path, zero_revenue",,Мёртвая ниша
Автотовары / Трос для мототехники,Страхование техники,0.0,1387.0,23.5,0.0,Автотовары,Автотовары/Мототовары/Другие детали/Другие запчасти для мототехники,zero_revenue,,Мёртвая ниша
Для ремонта / Бур,Буркини,0.0,3900.0,0.0,0.0,Для ремонта,Для ремонта/Инструменты и оснастка/Расходные материалы и оснастка/Бур,zero_revenue,dead,DEAD — скрыть из поиска
Кордон блю,Кордон блю,0.0,813.0,16.5,0.0,БЕЗ ПУТИ,,"no_path, zero_revenue",,Мёртвая ниша
Рийет,Рийет,0.0,120.0,16.5,0.0,БЕЗ ПУТИ,,"no_path, zero_revenue",,Мёртвая ниша
Шторы и аксессуары,Шторы и аксессуары,0.0,4141.0,29.5,0.0,Дом,Дом/Шторы/Аксессуары/Аксессуары для штор,zero_revenue,,Мёртвая ниша
Зельц,Зельц,0.0,717.0,16.5,0.0,БЕЗ ПУТИ,,"no_path, zero_revenue",,Мёртвая ниша
Дом / Репелленты,Репелленты,0.0,294.0,0.0,1.0,Дом,Дом/Отдых на природе/Репелленты,zero_revenue,,Мёртвая ниша
Вентканалы,Вентканалы,0.0,486.0,0.0,0.8056,БЕЗ ПУТИ,,"no_path, zero_revenue",,Мёртвая ниша
Электроника / Цифровые ручки,Цифровые мультимедиа,0.0,120.0,0.0,0.0,Книги,Книги/Мультимедиа,zero_revenue,,Мёртвая ниша
Кукурузолущилки,Кукурузолущилки,0.0,2120.0,0.0,0.0,БЕЗ ПУТИ,,"no_path, zero_revenue",,Мёртвая ниша
Гидроциклы,Гидроциклы,0.0,2852500.0,0.5,0.0,БЕЗ ПУТИ,,"no_path, zero_revenue",,Мёртвая ниша
ОСП (ориентированно-стружечные плиты),ОСП (ориентированно-стружечные плиты),0.0,355.0,0.0,0.0,БЕЗ ПУТИ,,"no_path, zero_revenue",,Мёртвая ниша
Шпик,Шпик,0.0,735.5,16.5,0.0,БЕЗ ПУТИ,,"no_path, zero_revenue",,Мёртвая ниша
Наконечники для карниза,Наконечники для карниза,0.0,288.0,0.0,0.75,Дом,Дом/Шторы/Карнизы/Комплектующие для карнизов,zero_revenue,dead,DEAD — скрыть из поиска
Продукты / Террины,Террины,0.0,569.0,16.5,0.0,Продукты,Продукты/Бакалея/Консервация/Террины,zero_revenue,,Мёртвая ниша
Кушоны,Кушоны,0.0,600.0,0.0,1.0,БЕЗ ПУТИ,,"no_path, zero_revenue",,Мёртвая ниша
Шаурма,Шаурма,0.0,0.0,16.5,0.0,БЕЗ ПУТИ,,"no_path, zero_revenue, no_price",,Мёртвая ниша
Шланги для стиральных машин,Шланги для стиральных машин,0.0,595.0,0.0,0.9457,Бытовая техника,Бытовая техника/Крупная бытовая техника/Аксессуары и запчасти для крупной бытовой техники/Запчасть для стиральной машины,zero_revenue,,Мёртвая ниша
ЦК Программное обеспечение,ЦК Программное обеспечение,0.0,8768.0,19.5,0.0,Электроника,"Электроника/Ноутбуки, компьютеры и периферия/Аксессуары для ноутбуков/Программное обеспечение",zero_revenue,,Мёртвая ниша
Красота / Бальзамы,Сиропы-бальзамы,0.0,372.0,0.0,1.0,Продукты,Продукты/Здоровое питание/Сироп,zero_revenue,,Мёртвая ниша
Акции / Коннекторы и штуцеры садовые,Штуцеры,0.0,1163.0,0.0,0.9167000000000001,Сад и дача,Сад и дача/Полив/Коннекторы и штуцеры садовые,zero_revenue,,Мёртвая ниша
Женщинам / Шубы натуральные,Шубы чебурашки,0.0,5276.0,0.0,0.0,Женщинам,Женщинам/Большие размеры/Верхняя одежда/Шубы искусственные,zero_revenue,,Мёртвая ниша
Запеканки,Запеканки,0.0,0.0,16.5,1.0,БЕЗ ПУТИ,,"no_path, zero_revenue, no_price",,Мёртвая ниша
Багги,Багги,0.0,368242.0,0.5,0.0,БЕЗ ПУТИ,,"no_path, zero_revenue",,Мёртвая ниша
Продукты / Хачапури,Хачапури,0.0,0.0,16.5,0.0,Продукты,Продукты/Готовая еда/Хачапури,"zero_revenue, no_price",,Мёртвая ниша
Серьги ювелирная бижутерия,Серьги ювелирная бижутерия,0.0,1000.0,0.0,1.0,Аксессуары,Аксессуары/Бижутерия/Серьги,zero_revenue,,Мёртвая ниша
Удобрения для комнатных растений,Удобрения для комнатных растений,0.0,360.0,0.0,1.0,Сад и дача,Сад и дача/Удобрения и уход за растениями/Удобрения/Удобрение для растений,zero_revenue,,Мёртвая ниша
Электроника / Цифровые ручки,Цифровые книги,0.0,211.0,0.0,0.0,Книги,Книги,zero_revenue,,Мёртвая ниша
Детям / Таблички детские,Таблички садовые,0.0,202.5,0.0,0.9639,Сад и дача,Сад и дача/Садовый декор/Садовые декоративные фигуры и таблички/Адресная табличка,zero_revenue,,Мёртвая ниша
Сменные кассеты для фильтров,Сменные кассеты для фильтров,0.0,590.0,0.0,1.0,Дом,Дом/Хозяйственные товары/Хозяйственные товары для кухни/Кассета для фильтра-кувшина,zero_revenue,,Мёртвая ниша
Шарниры для ригелей,Шарниры для ригелей,0.0,206.0,0.0,1.0,БЕЗ ПУТИ,,"no_path, zero_revenue",,Мёртвая ниша
Игрушки / Фигурки,Фигурки кованые,0.0,1205.0,0.0,1.0,Дом,Дом/Предметы интерьера/Фигурки и статуэтки,zero_revenue,,Мёртвая ниша
Электрические перцемолки,Электрические перцемолки,0.0,880.0,0.0,1.0,Для ремонта,Для ремонта/Крепеж/Такелаж/Тали электрические,zero_revenue,,Мёртвая ниша
Электроника / Цифровые ручки,Цифровые видеокурсы,0.0,370.0,0.0,0.0,Электроника,"Электроника/Ноутбуки, компьютеры и периферия/Аксессуары для ноутбуков/Цифровые ручки",zero_revenue,,Мёртвая ниша
Электроника / Соединители цепей,Соединители карнизов,0.0,478.0,0.0,1.0,Дом,Дом/Шторы/Карнизы/Комплектующие для карнизов,zero_revenue,,Мёртвая ниша
Пульты для светильников,Пульты для светильников,0.0,729.5,0.0,1.0,Дом,Дом/Освещение/Комплектующие для светильников,zero_revenue,,Мёртвая ниша
Электроника / Цифровые ручки,Цифровые коды,0.0,27500.0,0.0,0.0,Электроника,"Электроника/Ноутбуки, компьютеры и периферия/Аксессуары для ноутбуков/Цифровые ручки",zero_revenue,,Мёртвая ниша
Женщинам / Свечи,Фитосвечи,0.0,312.0,0.0,0.9127,Женщинам,Женщинам/Подарки женщинам/Для дома/Свечи,zero_revenue,,Мёртвая ниша
Игрушки / Вертушки детские,Тушки кальмаров,0.0,519.0,16.5,0.0,Продукты,Продукты/Рыба и морепродукты/Тушка кальмара,zero_revenue,,Мёртвая ниша
Средства от педикулеза,Средства от педикулеза,0.0,723.0,0.0,0.0,Адаптивные товары,Адаптивные товары/Средства реабилитации,zero_revenue,,Мёртвая ниша
Женщинам / Ювелирные украшения,Ювелирные украшения,0.0,4559.0,33.0,0.0,Женщинам,Женщинам/Подарки женщинам/Ювелирные украшения,zero_revenue,,Мёртвая ниша
Ребрышки,Ребрышки,0.0,0.0,16.5,0.0,БЕЗ ПУТИ,,"no_path, zero_revenue, no_price",,Мёртвая ниша
Золотые слитки,Золотые слитки,0.0,27.0,29.5,0.0,БЕЗ ПУТИ,,"no_path, zero_revenue",,Мёртвая ниша
Продукты / Колбаски,Баски,0.0,1350.0,0.0,0.8,Продукты,Продукты/Готовая еда/Закуски/Колбаски,zero_revenue,seasonal,Сезонная — данные ограничены
Консерванты,Консерванты,0.0,796.0,0.0,0.0,БЕЗ ПУТИ,,"no_path, zero_revenue",,Мёртвая ниша
Мужчинам / Топы,Стопы для фистинга,0.0,616.0,29.5,0.0,Товары для взрослых,Товары для взрослых/Секс игрушки/Фаллоимитаторы и страпоны/Стопа для фистинга,zero_revenue,,Мёртвая ниша
Стейки,Стейки,0.0,429.5,16.5,0.9541,БЕЗ ПУТИ,,"no_path, zero_revenue",,Мёртвая ниша
Штанги телескопические,Штанги телескопические,0.0,3186.5,0.0,0.9286,Мебель,Мебель/Гардеробная мебель/Штанги для одежды,zero_revenue,,Мёртвая ниша
Кюлоты,Кюлоты,0.0,1898.0,0.0,1.0,БЕЗ ПУТИ,,"no_path, zero_revenue",,Мёртвая ниша
Клещи токоизмерительные,Клещи токоизмерительные,0.0,1063.0,0.0,1.0,Для ремонта,Для ремонта/Инструменты и оснастка/Монтажные инструменты/Клещи строительные,zero_revenue,seasonal,Сезонная — данные ограничены
Канцтовары / Клей,Клей обойный,0.0,10219.5,0.0,1.0,Для ремонта,Для ремонта/Лакокрасочные материалы/Покрытия для дерева/Клей строительный,zero_revenue,seasonal,Сезонная — данные ограничены
Канцтовары / Клей,Клей монтажный,0.0,575.0,0.0,1.0,Для ремонта,Для ремонта/Лакокрасочные материалы/Покрытия для дерева/Клей строительный,zero_revenue,seasonal,Сезонная — данные ограничены
Ролики для раздвижных дверей,Ролики для раздвижных дверей,0.0,6744.0,0.0,1.0,Для ремонта,"Для ремонта/Двери, окна и фурнитура/Двери и фурнитура/Раздвижная система",zero_revenue,,Мёртвая ниша
Цифровые наборы карточек,Цифровые наборы карточек,0.0,250.0,0.0,0.0,Книги,Книги/Книги для детей/Наборы карточек,zero_revenue,,Мёртвая ниша
Женщинам / Топ,Топсайдеры,0.0,2657.5,0.0,0.5455,Обувь,Обувь/Мужская/Мокасины и топсайдеры,zero_revenue,,Мёртвая ниша
Автотовары / Фиксаторы пружины,Фиксаторы дверные,0.0,599.0,0.0,1.0,Для ремонта,"Для ремонта/Двери, окна и фурнитура/Двери и фурнитура/Доводчик дверной",zero_revenue,,Мёртвая ниша
Электроника / Цифровые ручки,Цифровые аудиокниги,0.0,399.0,0.0,1.0,Книги,Книги/Аудиокниги,zero_revenue,,Мёртвая ниша
Автотовары / Система смазки,Смазки для сверления,0.0,570.0,0.0,0.0,Для ремонта,"Для ремонта/Инструменты и оснастка/Сверление, долбление, закручивание/Смазка для откручивания",zero_revenue,,Мёртвая ниша
Сад и дача / Шланги садовые,Шланги для пылесосов,0.0,2456.0,0.0,0.8462000000000001,Бытовая техника,Бытовая техника/Техника для дома/Аксессуары для пылесосов/Запчасть для пылесоса,zero_revenue,,Мёртвая ниша
Автотовары / Чехлы,Чехлы одноразовые,0.0,669.0,0.0,0.0,Автотовары,Автотовары/Шины и диски колесные/Чехлы,zero_revenue,,Мёртвая ниша
Красота / Шампуни,Шампуни для бани,0.0,168.0,0.0,1.0,Красота,Красота/Аптечная косметика/Крем для бани,zero_revenue,,Мёртвая ниша
Сникеры,Сникеры,0.0,2470.0,0.0,0.0,БЕЗ ПУТИ,,"no_path, zero_revenue",,Мёртвая ниша
Биттер,Биттер,0.0,0.0,4.5,0.0,БЕЗ ПУТИ,,"no_path, zero_revenue, no_price",,Мёртвая ниша
Канцтовары / Клей,Клей эпоксидный,0.0,330.5,0.0,1.0,Для ремонта,Для ремонта/Лакокрасочные материалы/Покрытия для дерева/Клей строительный,zero_revenue,seasonal,Сезонная — данные ограничены
Аксессуары / Бант,Бантики для животных,0.0,299.0,0.0,1.0,Аксессуары,Аксессуары/Ремни и пояса/Аксессуары для животных,zero_revenue,seasonal,Сезонная — данные ограничены
Клапаны регулирующие садовые,Клапаны регулирующие садовые,0.0,295.0,0.0,1.0,Сад и дача,Сад и дача/Садовая техника/Аксессуары для насосов и станций/Обратный клапан для насоса,zero_revenue,seasonal,Сезонная — данные ограничены
Творожки,Творожки,0.0,60.0,16.5,0.0,БЕЗ ПУТИ,,"no_path, zero_revenue",,Мёртвая ниша
Окорока,Окорока,0.0,0.0,16.5,0.0,БЕЗ ПУТИ,,"no_path, zero_revenue, no_price",,Мёртвая ниша
Дом / Ткани,Ткани вышитые,0.0,272.0,0.0,1.0,Дом,Дом/Досуг и творчество/Творчество и рукоделие/Аксессуары и материалы для рукоделия/Ткани/Ткань для рукоделия,zero_revenue,,Мёртвая ниша
Пламперы для губ,Пламперы для губ,0.0,334.0,0.0,1.0,БЕЗ ПУТИ,,"no_path, zero_revenue",,Мёртвая ниша
Грузовой и коммерческий транспорт,Грузовой и коммерческий транспорт,0.0,4623200.0,0.5,0.7,Транспортные средства,Транспортные средства/Грузовой и коммерческий транспорт,zero_revenue,seasonal,Сезонная — данные ограничены
Боулы,Боулы,0.0,880.0,16.5,0.8181999999999999,БЕЗ ПУТИ,,"no_path, zero_revenue",,Мёртвая ниша
Дом / Фитинги,Фитинги для насосов,0.0,1046.0,0.0,1.0,Сад и дача,Сад и дача/Насосное оборудование/Шланг всасывающий для насоса,zero_revenue,,Мёртвая ниша
Манго,Манго,0.0,193.0,0.0,1.0,БЕЗ ПУТИ,,"no_path, zero_revenue",,Мёртвая ниша
Продукты / Варенец,Варенец,0.0,643.0,16.5,0.7,Продукты,Продукты/Молочные продукты и яйца/Варенец,zero_revenue,seasonal,Сезонная — данные ограничены
Стрипсы для декольте,Стрипсы для декольте,0.0,50.0,0.0,1.0,БЕЗ ПУТИ,,"no_path, zero_revenue",,Мёртвая ниша
Гардины,Гардины,0.0,2220.0,0.0,0.9231,БЕЗ ПУТИ,,"no_path, zero_revenue",,Мёртвая ниша
Бытовая техника / Весы,Весы электронные,0.0,1165.0,0.0,1.0,Бытовая техника,Бытовая техника/Красота и здоровье/Весы напольные/Умные весы,zero_revenue,dead,DEAD — скрыть из поиска
Штифты для ремешков,Штифты для ремешков,0.0,500.5,0.0,1.0,БЕЗ ПУТИ,,"no_path, zero_revenue",,Мёртвая ниша
Биточки,Биточки,0.0,188.0,16.5,0.0,БЕЗ ПУТИ,,"no_path, zero_revenue",,Мёртвая ниша
Сантехника,Сантехника,0.0,398.0,27.5,0.0,Для ремонта,Для ремонта/Сантехника,zero_revenue,,Мёртвая ниша
Удалитель накладных ресниц,Удалитель накладных ресниц,0.0,406.0,0.0,0.9323999999999999,Красота,Красота/Макияж/Глаза/Клей для накладных ресниц,zero_revenue,,Мёртвая ниша
Кумыс,Кумыс,0.0,1269.0,16.5,0.0,БЕЗ ПУТИ,,"no_path, zero_revenue",,Мёртвая ниша
Корсажи,Корсажи,0.0,0.0,0.0,0.5,БЕЗ ПУТИ,,"no_path, zero_revenue, no_price",,Мёртвая ниша
Брюки сноубордические,Брюки сноубордические,0.0,0.0,0.0,1.0,Спорт,Спорт/Зимние виды спорта/Сноуборд/Одежда и белье/Брюки спортивные,"zero_revenue, no_price",dead,DEAD — скрыть из поиска
Хозяйственные товары,Хозяйственные товары,0.0,521.0,29.5,0.0,Дом,Дом/Хозяйственные товары,zero_revenue,,Мёртвая ниша
Электрошокеры,Электрошокеры,0.0,1400.5,22.5,0.0,БЕЗ ПУТИ,,"no_path, zero_revenue",,Мёртвая ниша
Мультиметры,Мультиметры,0.0,1357.0,0.0,1.0,Автотовары,Автотовары/Инструменты/Тестеры,zero_revenue,,Мёртвая ниша
Для ремонта / Генератор,Кварцевые генераторы,0.0,365.0,28.5,0.0,Для ремонта,Для ремонта/Микроэлектроника/Электронные компоненты/Кварцевый генератор,zero_revenue,dead,DEAD — скрыть из поиска
Жидкости для электронных сигарет,Жидкости для электронных сигарет,0.0,423.0,23.5,1.0,Автотовары,Автотовары/Масла и жидкости,zero_revenue,dead,DEAD — скрыть из поиска
Рубашки пижамные,Рубашки пижамные,0.0,713.0,0.0,1.0,Мужчинам,Мужчинам/Рубашки,zero_revenue,,Мёртвая ниша
Красота / Маникюрные наборы,Шаберы маникюрные,0.0,224.0,0.0,1.0,Красота,Красота/Аксессуары/Для маникюра и педикюра/Инструмент для маникюра и педикюра,zero_revenue,,Мёртвая ниша
Мужчинам / Топы,Топы пижамные,0.0,494.5,0.0,0.4375,Женщинам,Женщинам/Большие размеры/Одежда для дома/Топы,zero_revenue,,Мёртвая ниша
Цепочки ювелирная бижутерия,Цепочки ювелирная бижутерия,0.0,2760.0,0.0,1.0,Аксессуары,Аксессуары/Бижутерия/Цепочки/Цепочка,zero_revenue,,Мёртвая ниша
Автотовары / Съемники,Съемники обшивки,0.0,611.0,0.0,0.9388,Автотовары,Автотовары/Инструменты/Съемники/Съемник автомобильный,zero_revenue,,Мёртвая ниша
Здоровье / Для женского здоровья,Страхование здоровья,0.0,984.0,23.5,1.0,Здоровье,Здоровье/БАДы/Для женского здоровья,zero_revenue,,Мёртвая ниша
Дом / Средства для стирки,Средства для стирки,0.0,714.0,0.0,1.0,Дом,Дом/Бытовая химия/Средства для стирки,zero_revenue,,Мёртвая ниша
Балясины,Балясины,0.0,1493.0,0.0,1.0,БЕЗ ПУТИ,,"no_path, zero_revenue",,Мёртвая ниша
Садовые инструменты и полив,Садовые инструменты и полив,0.0,854.0,29.5,0.0,Сад и дача,Сад и дача/Садовые инструменты/Наборы садовых инструментов,zero_revenue,,Мёртвая ниша
Женщинам / Подкладки для бретелей,Подкладки для мебели,0.0,383.0,0.0,1.0,Для ремонта,Для ремонта/Крепеж/Мебельная фурнитура/Накладка-протектор для мебели,zero_revenue,dead,DEAD — скрыть из поиска
Для ремонта / Жидкие обои,Жидкие гвозди,0.0,543.0,0.0,1.0,Для ремонта,Для ремонта/Крепеж/Гвозди/Другие строительные крепления,zero_revenue,seasonal,Сезонная — данные ограничены
Дом / Часы электронные,Электронные сигареты,0.0,515.0,23.5,1.0,Дом,Дом/Предметы интерьера/Часы/Часы электронные,zero_revenue,,Мёртвая ниша
Продукты / Соусы детские,Соусы детские,0.0,801.5,19.5,0.0,Продукты,Продукты/Напитки/Соусы детские,zero_revenue,,Мёртвая ниша
Автотовары / Краскопульты,Пульты игровые,0.0,1667.0,0.0,1.0,Детям,Детям/Детская электроника/Игровая консоль,zero_revenue,,Мёртвая ниша
Электроника / Цифровые ручки,Цифровые учебники,0.0,304.0,0.0,0.0,Книги,Книги/Образование/Учебник,zero_revenue,,Мёртвая ниша
Продукты / Тан,Танкини,0.0,2090.0,0.0,1.0,Продукты,Продукты/Готовая еда/Напитки/Тан,zero_revenue,,Мёртвая ниша
Спорт / Топоры,Топоры сувенирные,0.0,4319.5,0.0,0.0,Аксессуары,Аксессуары/Ювелирные изделия/Ювелирный сувенир,zero_revenue,,Мёртвая ниша
Транспортные средства / Катер,Катера,0.0,4055000.0,0.5,0.7,Транспортные средства,Транспортные средства/Водомоторная техника/Катер,zero_revenue,seasonal,Сезонная — данные ограничены
Чокеры ювелирная бижутерия,Чокеры ювелирная бижутерия,0.0,564.0,0.0,1.0,Аксессуары,Аксессуары/Бижутерия/Чокеры,zero_revenue,,Мёртвая ниша
Транспортные средства / Хаусбот,Хаусботы,0.0,17070625.0,0.5,0.0,Транспортные средства,Транспортные средства/Водомоторная техника/Хаусбот,zero_revenue,,Мёртвая ниша
Акции / Васаберы,Васаберы,0.0,300.5,16.5,0.5,Акции,Акции/Дачные скидки/Продукты/Снеки/Васаберы,zero_revenue,seasonal,Сезонная — данные ограничены
Комбинезоны горнолыжные,Комбинезоны горнолыжные,0.0,16305.0,0.0,0.19329999999999997,Женщинам,Женщинам/Комбинезоны,zero_revenue,dead,DEAD — скрыть из поиска
Эчпочмаки,Эчпочмаки,0.0,0.0,16.5,0.0,БЕЗ ПУТИ,,"no_path, zero_revenue, no_price",,Мёртвая ниша
Шорты пижамные,Шорты пижамные,0.0,394.0,0.0,0.7837999999999999,Детям,Детям/Для девочек/Пижамы и сорочки/Пижама,zero_revenue,,Мёртвая ниша
Электроника / Цифровые ручки,Уровни цифровые,0.0,4500.0,0.0,1.0,Для ремонта,Для ремонта/Инструменты и оснастка/Измерительные приборы/Комплектующие для лазерного уровня и нивелира,zero_revenue,,Мёртвая ниша
Цифровые аудиоучебники,Цифровые аудиоучебники,0.0,250.0,0.0,0.0,Книги,Книги/Аудиокниги,zero_revenue,,Мёртвая ниша
Продукты / Приправы и специи,Специи,0.0,312.0,0.0,1.0,Продукты,Продукты/Бакалея/Приправы и специи,zero_revenue,,Мёртвая ниша
Тяговые аккумуляторные батареи,Тяговые аккумуляторные батареи,0.0,11723.0,0.0,1.0,Автотовары,Автотовары/Запчасти/Электрооборудование/Запуск и питание/Аккумулятор для автомобиля,zero_revenue,,Мёртвая ниша
Детям / Таблички детские,Таблички для бани,0.0,349.0,0.0,0.9615,Сад и дача,Сад и дача/Товары для бани и сауны/Предметы интерьера бани/Таблички и наклейки информационные,zero_revenue,,Мёртвая ниша
Автотовары / Съемники,Съемники шарниров,0.0,536.0,0.0,0.9344,Автотовары,Автотовары/Инструменты/Съемники/Съемник автомобильный,zero_revenue,,Мёртвая ниша
Курники,Курники,0.0,438.5,16.5,0.0,БЕЗ ПУТИ,,"no_path, zero_revenue",,Мёртвая ниша
Продукты / Сыр,Сырные шарики,0.0,242.0,16.5,1.0,Продукты,Продукты/Здоровое питание/Сыр,zero_revenue,,Мёртвая ниша
Подстилки для бассейнов,Подстилки для бассейнов,0.0,2789.0,0.0,1.0,Сад и дача,Сад и дача/Товары для бани и сауны/Предметы интерьера бани/Подстилки противоскользящие,zero_revenue,seasonal,Сезонная — данные ограничены
Водосгоны,Водосгоны,0.0,860.0,0.0,0.966,БЕЗ ПУТИ,,"no_path, zero_revenue",,Мёртвая ниша
Цифровые листы для записи,Цифровые листы для записи,0.0,274.5,0.0,0.0,Канцтовары,Канцтовары/Бумажная продукция/Ежедневники и записные книжки/Книга для записи рецептов,zero_revenue,,Мёртвая ниша
Красота / Маникюрные наборы,Пушеры маникюрные,0.0,280.5,0.0,0.5,Красота,Красота/Аксессуары/Для маникюра и педикюра/Инструмент для маникюра и педикюра,zero_revenue,,Мёртвая ниша
Дом / Фольга пищевая,Фольга для маникюра,0.0,303.0,0.0,1.0,Красота,Красота/Аксессуары/Для маникюра и педикюра/Декор для маникюра,zero_revenue,,Мёртвая ниша
Футболки пижамные,Футболки пижамные,0.0,839.0,0.0,0.0,Мужчинам,Мужчинам/Футболки,zero_revenue,,Мёртвая ниша
Дом / Пьезозажигалки,Зажигалки бензиновые,0.0,352.0,0.0,0.0,Дом,Дом/Кухня/Кухонная утварь/Пьезозажигалки,zero_revenue,dead,DEAD — скрыть из поиска
Для ремонта / Рейки декоративные,Рейки нивелирные,0.0,9600.0,0.0,0.5,Для ремонта,Для ремонта/Инструменты и оснастка/Измерительные приборы/Нивелир,zero_revenue,,Мёртвая ниша
Витаминные комплексы,Витаминные комплексы,0.0,1666.5,0.0,0.0,Игрушки,Игрушки/Игровые комплексы,zero_revenue,dead,DEAD — скрыть из поиска
Продукты / Сашими,Сашими,0.0,818.0,16.5,0.0,Продукты,Продукты/Готовая еда/Роллы и суши/Сашими,zero_revenue,,Мёртвая ниша
Для ремонта / Колючие проволоки,Проволоки сварочные,0.0,1266.0,0.0,1.0,Для ремонта,Для ремонта/Стройматериалы/Изоляционные материалы/Колючие проволоки,zero_revenue,seasonal,Сезонная — данные ограничены
Уплотнители для душевых кабин,Уплотнители для душевых кабин,0.0,834.0,0.0,1.0,Для ремонта,Для ремонта/Сантехника/Комплектующие для душевых кабин,zero_revenue,,Мёртвая ниша
Несессеры,Несессеры,0.0,723.5,0.0,1.0,БЕЗ ПУТИ,,"no_path, zero_revenue",,Мёртвая ниша
Мотыги,Мотыги,0.0,10018.0,0.0,1.0,БЕЗ ПУТИ,,"no_path, zero_revenue",,Мёртвая ниша
Тяпки,Тяпки,0.0,1421.5,0.0,0.9,БЕЗ ПУТИ,,"no_path, zero_revenue",,Мёртвая ниша
Люверсы,Люверсы,0.0,659.0,0.0,0.0,БЕЗ ПУТИ,,"no_path, zero_revenue",,Мёртвая ниша
Сад и дача / Арки садовые,Садовые ограждения,0.0,788.0,0.0,0.9473999999999999,Для ремонта,Для ремонта/Стройматериалы/Заборы и ограждения,zero_revenue,,Мёртвая ниша
Женщинам / Бандажи,Бандажи набедренные,0.0,2667.0,0.0,1.0,Здоровье,Здоровье/Ортопедия/Бандажи и ортезы/Бандаж ортопедический,zero_revenue,dead,DEAD — скрыть из поиска
Холодная сварка,Холодная сварка,0.0,329.0,0.0,1.0,БЕЗ ПУТИ,,"no_path, zero_revenue",,Мёртвая ниша
Зразы,Зразы,0.0,0.0,16.5,0.0,БЕЗ ПУТИ,,"no_path, zero_revenue, no_price",,Мёртвая ниша
Подхваты,Подхваты,0.0,333.5,0.0,0.0,БЕЗ ПУТИ,,"no_path, zero_revenue",,Мёртвая ниша
Красота / Шампуни,Шампуни для париков,0.0,10126.0,0.0,0.0,Красота,Красота/Инструменты для парикмахеров/Инструменты и принадлежности/Аксессуары для парикмахеров,zero_revenue,,Мёртвая ниша
Опунция,Опунция,0.0,2015.0,16.5,0.0,БЕЗ ПУТИ,,"no_path, zero_revenue",,Мёртвая ниша
Бандажи большого пальца ноги,Бандажи большого пальца ноги,0.0,950.5,0.0,0.8654000000000001,Здоровье,Здоровье/Ортопедия/Бандажи и ортезы/Вставка для большого пальца,zero_revenue,dead,DEAD — скрыть из поиска
Агроперлит,Агроперлит,0.0,9682.5,0.0,0.987,БЕЗ ПУТИ,,"no_path, zero_revenue",,Мёртвая ниша
Указатели правильности чередования фаз,Указатели правильности чередования фаз,0.0,11816.0,0.0,1.0,Автотовары,Автотовары/Запчасти/Электрооборудование/Датчики автомобильные/Датчик фаз,zero_revenue,,Мёртвая ниша
Сад и дача / Бак для бани,Шайки для бани,0.0,3114.0,0.0,1.0,Сад и дача,Сад и дача/Товары для бани и сауны/Банный текстиль/Набор аксессуаров для бани,zero_revenue,,Мёртвая ниша
Канцтовары / Клей,Клей для плитки,0.0,10494.0,0.0,1.0,Для ремонта,Для ремонта/Лакокрасочные материалы/Покрытия для дерева/Клей строительный,zero_revenue,seasonal,Сезонная — данные ограничены
Зажигалки электронные,Зажигалки электронные,0.0,618.0,0.0,1.0,Дом,Дом/Кухня/Кухонная утварь/Пьезозажигалки,zero_revenue,dead,DEAD — скрыть из поиска
Коврики для нагрева воды,Коврики для нагрева воды,0.0,256.0,0.0,1.0,Дом,Дом/Коврики,zero_revenue,dead,DEAD — скрыть из поиска
Браслеты парикмахерские,Браслеты парикмахерские,0.0,544.0,0.0,1.0,Женщинам,Женщинам/Подарки женщинам/Красота/Браслеты,zero_revenue,dead,DEAD — скрыть из поиска
Ремкомплекты для бассейнов,Ремкомплекты для бассейнов,0.0,960.5,0.0,1.0,Сад и дача,Сад и дача/Бассейны/Аксессуары для бассейнов/Ремкомплект для надувной мебели,zero_revenue,,Мёртвая ниша
Автотовары / Габаритные огни,Бенгальские огни,0.0,1600.0,0.0,0.0,Автотовары,Автотовары/Другие аксессуары и доп. оборудование/Электроника/Габаритные огни,zero_revenue,dead,DEAD — скрыть из поиска
Колье ювелирная бижутерия,Колье ювелирная бижутерия,0.0,2712.5,0.0,0.0,Аксессуары,Аксессуары/Бижутерия/Колье,zero_revenue,dead,DEAD — скрыть из поиска
Поке,Поке,0.0,0.0,21.5,0.0,БЕЗ ПУТИ,,"no_path, zero_revenue, no_price",,Мёртвая ниша
Кутабы,Кутабы,0.0,0.0,16.5,0.0,БЕЗ ПУТИ,,"no_path, zero_revenue, no_price",,Мёртвая ниша
Холодец,Холодец,0.0,155.0,16.5,0.0,БЕЗ ПУТИ,,"no_path, zero_revenue",,Мёртвая ниша
Детям / Игрушечные гаражи,Гаражи сборные,0.0,200000.0,3.0,0.0,Сад и дача,Сад и дача/Готовые строения и срубы/Гараж сборный,zero_revenue,seasonal,Сезонная — данные ограничены
Продукты / Замороженные вторые блюда,Вторые блюда,0.0,252.0,34.5,0.7,Продукты,Продукты/Мясная продукция/Замороженные вторые блюда,zero_revenue,seasonal,Сезонная — данные ограничены
Самса,Самса,0.0,155.0,16.5,0.0,БЕЗ ПУТИ,,"no_path, zero_revenue",,Мёртвая ниша
Акции / Маргарин,Маргарин,0.0,59.0,16.5,0.7,Акции,Акции/Дачные скидки/Продукты/Молочные продукты и яйца/Маргарин,zero_revenue,seasonal,Сезонная — данные ограничены
