display,name,niche_status,revenue,avg_price,commission,buyout_pct,profit_pct,sellers_with_sales,mpstats_path,issues,is_critical
Хозяйственные товары,Хозяйственные товары,seasonal,"5,716,922,539",521,2950.0%,0.0%,0.0%,0,Дом/Хозяйственные товары,"no_buyout, no_profit, no_sellers",False
Футболки пижамные,Футболки пижамные,seasonal,"1,784,788,902",839,0.0%,0.0%,40.6%,0,Мужчинам/Футболки,"no_commission, no_buyout, no_sellers",False
Дом / Средства для стирки,Средства для стирки,seasonal,"1,582,134,833",714,0.0%,100.0%,37.7%,0,Дом/Бытовая химия/Средства для стирки,"no_commission, no_sellers",False
Здоровье / Для женского здоровья,Страхование здоровья,seasonal,"1,548,906,880",984,2350.0%,100.0%,16.8%,0,Здоровье/БАДы/Для женского здоровья,no_sellers,False
Женщинам / Шубы натуральные,Шубы чебурашки,seasonal,"1,493,732,577","5,276",0.0%,0.0%,54.4%,0,Женщинам/Большие размеры/Верхняя одежда/Шубы искусственные,"no_commission, no_buyout, no_sellers",False
Женщинам / Ювелирные украшения,Ювелирные украшения,seasonal,"1,401,169,337","4,559",3300.0%,0.0%,16.9%,0,Женщинам/Подарки женщинам/Ювелирные украшения,"no_buyout, no_sellers",False
Электроника / Цифровые ручки,Цифровые книги,seasonal,"1,046,358,149",211,0.0%,0.0%,0.0%,0,Книги,"no_commission, no_buyout, no_profit, no_sellers",False
Рубашки пижамные,Рубашки пижамные,seasonal,"1,003,971,054",713,0.0%,100.0%,37.6%,0,Мужчинам/Рубашки,"no_commission, no_sellers",False
Мужчинам / Топы,Топы пижамные,seasonal,"924,135,785",494,0.0%,43.8%,29.1%,0,Женщинам/Большие размеры/Одежда для дома/Топы,"no_commission, no_sellers",False
Продукты / Приправы и специи,Специи,seasonal,"467,303,013",312,0.0%,100.0%,12.8%,0,Продукты/Бакалея/Приправы и специи,"no_commission, no_sellers",False
Шорты пижамные,Шорты пижамные,seasonal,"424,103,566",394,0.0%,78.4%,22.0%,0,Детям/Для девочек/Пижамы и сорочки/Пижама,"no_commission, no_sellers",False
Женщинам / Топ,Топсайдеры,seasonal,"385,907,349","2,658",0.0%,54.6%,51.8%,0,Обувь/Мужская/Мокасины и топсайдеры,"no_commission, no_sellers",False
Тяговые аккумуляторные батареи,Тяговые аккумуляторные батареи,seasonal,"360,370,229","11,723",0.0%,100.0%,55.8%,0,Автотовары/Запчасти/Электрооборудование/Запуск и питание/Аккумулятор для автомобиля,"no_commission, no_sellers",False
Удалитель накладных ресниц,Удалитель накладных ресниц,seasonal,"332,224,527",406,0.0%,93.2%,23.0%,0,Красота/Макияж/Глаза/Клей для накладных ресниц,"no_commission, no_sellers",False
Удобрения для комнатных растений,Удобрения для комнатных растений,seasonal,"326,710,607",360,0.0%,100.0%,18.7%,0,Сад и дача/Удобрения и уход за растениями/Удобрения/Удобрение для растений,"no_commission, no_sellers",False
Для ремонта / Рейки декоративные,Рейки нивелирные,seasonal,"241,628,268","9,600",0.0%,50.0%,55.6%,0,Для ремонта/Инструменты и оснастка/Измерительные приборы/Нивелир,"no_commission, no_sellers",False
Женщинам / Свечи,Фитосвечи,seasonal,"220,675,206",312,0.0%,91.3%,12.8%,0,Женщинам/Подарки женщинам/Для дома/Свечи,"no_commission, no_sellers",False
Автотовары / Краскопульты,Пульты игровые,seasonal,"218,734,517","1,667",0.0%,100.0%,48.7%,0,Детям/Детская электроника/Игровая консоль,"no_commission, no_sellers",False
Продукты / Пиво,Пиво,,"186,355,166",119,950.0%,70.0%,0.0%,2,Продукты/Алкоголь/Пиво,no_profit,False
Сад и дача / Теплица,Форточки для теплиц,seasonal,"179,717,717",882,0.0%,100.0%,41.4%,0,"Сад и дача/Теплицы, парники, укрывной материал/Теплицы и аксессуары/Комплектующие для теплиц","no_commission, no_sellers",False
Сад и дача / Бак для бани,Шайки для бани,seasonal,"158,431,081","3,114",0.0%,100.0%,52.6%,0,Сад и дача/Товары для бани и сауны/Банный текстиль/Набор аксессуаров для бани,"no_commission, no_sellers",False
Красота / Шампуни,Шампуни для бани,seasonal,"145,959,520",168,0.0%,100.0%,0.0%,0,Красота/Аптечная косметика/Крем для бани,"no_commission, no_profit, no_sellers",False
Средства от педикулеза,Средства от педикулеза,seasonal,"143,706,777",723,0.0%,0.0%,37.9%,0,Адаптивные товары/Средства реабилитации,"no_commission, no_buyout, no_sellers",False
Цепочки ювелирная бижутерия,Цепочки ювелирная бижутерия,seasonal,"135,682,387","2,760",0.0%,100.0%,52.0%,0,Аксессуары/Бижутерия/Цепочки/Цепочка,"no_commission, no_sellers",False
Электроника / Цифровые ручки,Цифровые коды,seasonal,"131,224,504","27,500",0.0%,0.0%,56.5%,0,"Электроника/Ноутбуки, компьютеры и периферия/Аксессуары для ноутбуков/Цифровые ручки","no_commission, no_buyout, no_sellers",False
Электроника / Цифровые ручки,Цифровые видеокурсы,seasonal,"131,224,504",370,0.0%,0.0%,19.7%,0,"Электроника/Ноутбуки, компьютеры и периферия/Аксессуары для ноутбуков/Цифровые ручки","no_commission, no_buyout, no_sellers",False
Чокеры ювелирная бижутерия,Чокеры ювелирная бижутерия,seasonal,"114,585,366",564,0.0%,100.0%,32.5%,0,Аксессуары/Бижутерия/Чокеры,"no_commission, no_sellers",False
Дом / Репелленты,Репелленты,seasonal,"97,658,892",294,0.0%,100.0%,10.1%,0,Дом/Отдых на природе/Репелленты,"no_commission, no_sellers",False
Шторы и аксессуары,Шторы и аксессуары,seasonal,"88,644,869","4,141",2950.0%,0.0%,20.1%,0,Дом/Шторы/Аксессуары/Аксессуары для штор,"no_buyout, no_sellers",False
Красота / Муссы,Муссы мясные,seasonal,"88,330,358","1,319",1650.0%,0.0%,26.9%,0,Продукты/Мясная продукция/Консервы мясные,"no_buyout, no_sellers",False
Электроника / Цифровые ручки,Цифровые учебники,seasonal,"88,163,330",304,0.0%,0.0%,11.6%,0,Книги/Образование/Учебник,"no_commission, no_buyout, no_sellers",False
Красота / Шампуни,Шампуни для париков,seasonal,"86,742,831","10,126",0.0%,0.0%,55.6%,0,Красота/Инструменты для парикмахеров/Инструменты и принадлежности/Аксессуары для парикмахеров,"no_commission, no_buyout, no_sellers",False
Сад и дача / Шланги садовые,Шланги для пылесосов,seasonal,"78,773,196","2,456",0.0%,84.6%,51.4%,0,Бытовая техника/Техника для дома/Аксессуары для пылесосов/Запчасть для пылесоса,"no_commission, no_sellers",False
Мужчинам / Топы,Стопы для фистинга,seasonal,"77,846,951",616,2950.0%,0.0%,3.5%,0,Товары для взрослых/Секс игрушки/Фаллоимитаторы и страпоны/Стопа для фистинга,"no_buyout, no_sellers",False
Садовые инструменты и полив,Садовые инструменты и полив,seasonal,"68,410,079",854,2950.0%,0.0%,8.9%,0,Сад и дача/Садовые инструменты/Наборы садовых инструментов,"no_buyout, no_sellers",False
Шланги для стиральных машин,Шланги для стиральных машин,seasonal,"63,441,962",595,0.0%,94.6%,33.8%,0,Бытовая техника/Крупная бытовая техника/Аксессуары и запчасти для крупной бытовой техники/Запчасть для стиральной машины,"no_commission, no_sellers",False
Канцтовары / Скетчбуки,Скетчбуки,,"61,579,449",430,2950.0%,88.3%,0.0%,671,Канцтовары/Бумажная продукция/Ежедневники и записные книжки/Скетчбуки,no_profit,False
Цифровые наборы карточек,Цифровые наборы карточек,seasonal,"60,917,931",250,0.0%,0.0%,1.8%,0,Книги/Книги для детей/Наборы карточек,"no_commission, no_buyout, no_sellers",False
Дом / Часы электронные,Электронные сигареты,seasonal,"59,761,312",515,2350.0%,100.0%,5.7%,0,Дом/Предметы интерьера/Часы/Часы электронные,no_sellers,False
Держатели для резинок,Держатели для резинок,seasonal,"55,191,559","1,287",0.0%,0.0%,0.0%,0,Дом/Ванная/Держатели/Держатель для ванной,"no_commission, no_buyout, no_profit, no_sellers",False
Штанги телескопические,Штанги телескопические,seasonal,"51,060,580","3,186",0.0%,92.9%,52.7%,0,Мебель/Гардеробная мебель/Штанги для одежды,"no_commission, no_sellers",False
Электрические перцемолки,Электрические перцемолки,seasonal,"41,678,867",880,0.0%,100.0%,41.3%,0,Для ремонта/Крепеж/Такелаж/Тали электрические,"no_commission, no_sellers",False
Сад и дача / Пестицид,Пестициды,,"33,839,121",469,2950.0%,96.8%,0.0%,51,Сад и дача/Удобрения и уход за растениями/Агрохимикаты и пестициды/Пестицид,no_profit,False
Сад и дача / Арки садовые,Садовые ограждения,seasonal,"24,794,260",788,0.0%,94.7%,39.5%,0,Для ремонта/Стройматериалы/Заборы и ограждения,"no_commission, no_sellers",False
Витаминно-минеральные препараты,Витаминно-минеральные препараты,,"21,259,855",565,300.0%,0.0%,0.0%,2,Лекарственные препараты,"no_buyout, no_profit",False
Акции / Коннекторы и штуцеры садовые,Штуцеры,seasonal,"21,096,497","1,163",0.0%,91.7%,45.1%,0,Сад и дача/Полив/Коннекторы и штуцеры садовые,"no_commission, no_sellers",False
Автотовары / Чехлы,Чехлы одноразовые,seasonal,"20,196,837",669,0.0%,0.0%,36.4%,0,Автотовары/Шины и диски колесные/Чехлы,"no_commission, no_buyout, no_sellers",False
Электроника / Цифровые ручки,Цифровые мультимедиа,seasonal,"19,572,117",120,0.0%,0.0%,0.0%,0,Книги/Мультимедиа,"no_commission, no_buyout, no_profit, no_sellers",False
ЦК Программное обеспечение,ЦК Программное обеспечение,seasonal,"16,505,012","8,768",1950.0%,0.0%,31.6%,0,"Электроника/Ноутбуки, компьютеры и периферия/Аксессуары для ноутбуков/Программное обеспечение","no_buyout, no_sellers",False
Красота / Маникюрные наборы,Пушеры маникюрные,seasonal,"13,755,106",280,0.0%,50.0%,7.8%,0,Красота/Аксессуары/Для маникюра и педикюра/Инструмент для маникюра и педикюра,"no_commission, no_sellers",False
Красота / Маникюрные наборы,Шаберы маникюрные,seasonal,"13,755,106",224,0.0%,100.0%,0.0%,0,Красота/Аксессуары/Для маникюра и педикюра/Инструмент для маникюра и педикюра,"no_commission, no_profit, no_sellers",False
Препараты для пищеварительной системы,Препараты для пищеварительной системы,,"11,462,982","1,404",300.0%,100.0%,0.0%,2,Здоровье/БАДы/Для пищеварения и обмена веществ,no_profit,False
Цифровые листы для записи,Цифровые листы для записи,seasonal,"9,628,481",274,0.0%,0.0%,6.7%,0,Канцтовары/Бумажная продукция/Ежедневники и записные книжки/Книга для записи рецептов,"no_commission, no_buyout, no_sellers",False
Неврологические препараты,Неврологические препараты,,"9,329,132",233,300.0%,70.0%,0.0%,2,Лекарственные препараты,no_profit,False
Дерматологические препараты,Дерматологические препараты,,"8,877,174",565,300.0%,100.0%,0.0%,2,Лекарственные препараты,no_profit,False
Болеутоляющие препараты,Болеутоляющие препараты,,"7,296,869",57,300.0%,70.0%,0.0%,3,Лекарственные препараты,no_profit,False
Продукты / Мороженое,Мороженое,,"6,996,765",915,1650.0%,100.0%,0.0%,8,Продукты/Замороженная продукция/Мороженое,no_profit,False
Продукты / Коктейли,Коктейли алкогольные,,"6,697,722",671,950.0%,0.0%,0.0%,1,Продукты/Алкоголь/Коктейли/Коктейль алкогольный,"no_buyout, no_profit",False
Дом / Карты,Sim карты,,"6,058,991",177,2950.0%,84.1%,0.0%,265,Электроника/Смартфоны и телефоны/SIM-карты,no_profit,False
Ролики для раздвижных дверей,Ролики для раздвижных дверей,seasonal,"5,363,459","6,744",0.0%,100.0%,55.0%,0,"Для ремонта/Двери, окна и фурнитура/Двери и фурнитура/Раздвижная система","no_commission, no_sellers",False
Защитные кольца для смартфонов,Защитные кольца для смартфонов,,"5,277,083",448,2950.0%,70.0%,0.0%,40,Электроника/Смартфоны и телефоны/Шнурки и кольца/Защитное кольцо для смартфона,no_profit,False
Жидкости для генераторов дыма,Жидкости для генераторов дыма,,"4,702,669",450,2850.0%,100.0%,0.0%,47,Дом/Все для праздника/Украшения и декорации/Генераторы снега и дыма/Жидкость для генератора дыма,no_profit,False
Полудрагоценные камни и прочие вставки,Полудрагоценные камни и прочие вставки,,"4,323,072",572,3300.0%,70.0%,0.0%,92,Аксессуары/Ювелирные изделия/Полудрагоценные камни и прочие вставки,no_profit,False
Противоварикозные препараты,Противоварикозные препараты,,"3,938,034",565,300.0%,0.0%,0.0%,2,Лекарственные препараты,"no_buyout, no_profit",False
Противогрибковые препараты,Противогрибковые препараты,,"3,280,752",565,300.0%,100.0%,0.0%,2,Лекарственные препараты,no_profit,False
Автомобили с пробегом,Автомобили с пробегом,,"3,195,000","2,831,195",50.0%,0.0%,7.0%,1,Транспортные средства/Автомобили,no_buyout,False
Антигистаминные препараты,Антигистаминные препараты,,"2,566,626",565,300.0%,0.0%,0.0%,2,Лекарственные препараты,"no_buyout, no_profit",False
Завязки для кулинарии,Завязки для кулинарии,,"2,078,375",406,2950.0%,70.0%,0.0%,49,Дом/Кухня/Выпечка и запекание/Завязка для кулинарии,no_profit,False
Акции / Фарш,Фарш,,"1,928,629",260,1650.0%,70.0%,0.0%,3,Акции/Дачные скидки/Продукты/Мясная продукция/Фарш,no_profit,False
Сертификаты расширенной гарантии,Сертификаты расширенной гарантии,no_cat_path,"1,857,308","1,232",2750.0%,0.0%,15.3%,20,,no_buyout,False
Раколовки,Раколовки,no_cat_path,"1,847,575",609,2750.0%,0.0%,5.3%,53,,no_buyout,False
Центроискатели,Центроискатели,no_cat_path,"1,529,125",785,3150.0%,0.0%,5.7%,58,,no_buyout,False
Акции / Агрохимикат,Агрохимикаты,,"1,517,287",501,2950.0%,70.0%,0.0%,40,Сад и дача/Удобрения и уход за растениями/Агрохимикаты и пестициды,no_profit,False
Препараты от вредных привычек,Препараты от вредных привычек,,"1,476,632",565,300.0%,100.0%,0.0%,2,Лекарственные препараты,no_profit,False
Продукты / Замороженные ягоды,Замороженные ягоды,,"1,300,571",246,2150.0%,70.0%,0.0%,4,Продукты/Замороженная продукция/Замороженные ягоды,no_profit,False
Защита для гироскутеров,Защита для гироскутеров,,"1,291,753",394,2950.0%,70.0%,0.0%,31,Электроника/Электротранспорт и аксессуары/Защита для гироскутера,no_profit,False
Продукты / Котлеты,Котлеты,,"986,231",186,1650.0%,70.0%,0.0%,7,Продукты/Здоровое питание/Котлеты,no_profit,False
Добавки для жидких обоев,Добавки для жидких обоев,,"982,005",465,2800.0%,70.0%,0.0%,42,Для ремонта/Стройматериалы/Строительные смеси/Добавка для строительной смеси,no_profit,False
Химические источники света,Химические источники света,,"774,516",594,3250.0%,70.0%,0.0%,42,Дом/Все для праздника/Подарочная упаковка/Химические источники света,no_profit,False
Составляющие автомобильных ламелей,Составляющие автомобильных ламелей,,"764,627",362,2150.0%,70.0%,0.0%,70,Автотовары/Другие аксессуары и доп. оборудование/Защита автомобиля/Составляющие автомобильных ламелей,no_profit,False
Акции / Субпродукт,Субпродукты,,"763,395",253,1650.0%,70.0%,0.0%,1,Акции/Дачные скидки/Продукты/Мясная продукция/Субпродукт,no_profit,False
Пакеты гипотермические,Пакеты гипотермические,,"667,153",485,3050.0%,92.6%,0.0%,43,Дом/Отдых на природе/Посуда/Термопакеты,no_profit,False
Продукты / Творог,Творог,,"665,439",85,1650.0%,100.0%,0.0%,1,Продукты/Молочные продукты и яйца/Творог,no_profit,False
Для ремонта / Стеклопакет,Стеклопакеты,,"652,190",270,2850.0%,70.0%,0.0%,26,"Для ремонта/Двери, окна и фурнитура/Окна и фурнитура/Стеклопакет",no_profit,False
Продукты / Сметана,Сметана,,"623,122",96,1650.0%,70.0%,0.0%,1,Продукты/Молочные продукты и яйца/Сметана,no_profit,False
Противогеморроидальные препараты,Противогеморроидальные препараты,,"553,349",565,300.0%,0.0%,0.0%,2,Лекарственные препараты,"no_buyout, no_profit",False
Продукты / Яйца,Яйца,,"525,169",297,1650.0%,70.0%,0.0%,5,Продукты/Молочные продукты и яйца/Яйца,no_profit,False
Стоматологические препараты,Стоматологические препараты,,"513,138",565,300.0%,0.0%,28.3%,2,Лекарственные препараты,no_buyout,False
Женщинам / Бриджи,Бриджи для малышей,,"480,566",424,3450.0%,25.0%,0.0%,18,Детям/Для новорожденных/Брюки и шорты/Бриджи для малыша,no_profit,False
Женщинам / Соединители бретелей,Соединители бретелей,,"464,356",545,3450.0%,70.0%,0.0%,29,Женщинам/Белье/Аксессуары/Соединитель бретелей,no_profit,False
Продукты / Йогурт,Йогурты,,"429,628",64,2150.0%,70.0%,0.0%,3,Продукты/Молочные продукты и яйца/Йогурт,no_profit,False
Продукты / Замороженные грибы,Замороженные грибы,,"426,290",321,1650.0%,70.0%,0.0%,5,Продукты/Готовая еда/Закуски/Замороженные грибы,no_profit,False
Ершовая загрузка,Ершовая загрузка,no_cat_path,"421,888",326,2800.0%,0.0%,0.0%,24,,"no_buyout, no_profit",False
Для ремонта / Изоленты,Траурные ленты,,"379,560",374,3450.0%,70.0%,0.0%,16,Дом/Все для праздника/Букеты/Ленты упаковочные,no_profit,False
Акции / Купаты,Купаты,,"359,434",210,1650.0%,70.0%,0.0%,1,Акции/Дачные скидки/Продукты/Мясная продукция/Купаты,no_profit,False
Сад и дача / Лекарственные растения,Лекарственные травы,,"337,283",241,300.0%,70.0%,0.0%,2,"Сад и дача/Растения, семена и грунты/Семена/Лекарственные растения",no_profit,False
Платежные браслеты,Платежные браслеты,,"310,622",354,2750.0%,70.0%,0.0%,39,Аксессуары/Бижутерия/Браслеты,no_profit,False
Ручки для скандинавских палок,Ручки для скандинавских палок,,"310,622",463,2750.0%,70.0%,0.0%,21,Спорт/Бег.Ходьба/Ходьба/Снаряжение/Ручка для скандинавской палки,no_profit,False
Замороженные вторые блюда,Замороженные вторые блюда,no_cat_path,"268,710",0,1650.0%,0.0%,0.0%,3,Продукты/Готовая еда/Закуски/Замороженные вторые блюда,"no_buyout, no_profit",False
Для ремонта / Удлинители,Удлинители для боди,,"252,592",548,3450.0%,70.0%,0.0%,10,Детям/Для новорожденных/Боди и ползунки/Удлинитель для боди,no_profit,False
Продукты / Стритфуд,Стритфуд,no_cat_path,"251,970",0,1650.0%,0.0%,0.0%,3,Продукты/Готовая еда/Закуски/Стритфуд,"no_buyout, no_profit",False
Высотомеры,Высотомеры,no_cat_path,"232,170","2,962",2250.0%,0.0%,25.9%,6,,no_buyout,False
Замороженные хлебобулочные изделия,Замороженные хлебобулочные изделия,,"226,649",228,1650.0%,70.0%,0.0%,2,Продукты/Готовая еда/Закуски/Замороженные хлебобулочные изделия,no_profit,False
Панельки под микросхемы,Панельки под микросхемы,no_cat_path,"222,125",432,2850.0%,0.0%,0.0%,4,,"no_buyout, no_profit",False
Саке,Саке,no_cat_path,"214,340","3,720",450.0%,0.0%,44.8%,2,,no_buyout,False
Здоровье / Кольца для похудения,Кольца для похудения,,"214,025",427,2500.0%,70.0%,0.0%,46,Здоровье/Оздоровление/Кольцо для похудения,no_profit,False
Акции / Филе,Филе,no_cat_path,"205,867",0,1650.0%,0.0%,0.0%,2,Акции/Дачные скидки/Продукты/Мясная продукция/Филе,"no_buyout, no_profit",False
Счетчики пылевых частиц,Счетчики пылевых частиц,,"195,040",340,3100.0%,70.0%,0.0%,31,Для ремонта/Инструменты и оснастка/Измерительные приборы/Счетчик пылевых частиц,no_profit,False
Шпиндели автомобильные,Шпиндели автомобильные,no_cat_path,"192,967","1,562",2150.0%,0.0%,23.3%,20,,no_buyout,False
Акции / Рыбные палочки,Рыбные деликатесы,,"187,724",297,2150.0%,70.0%,0.0%,3,Продукты/Рыба и морепродукты/Рыбный деликатес,no_profit,False
Продукты / Фрикадельки,Фрикадельки,no_cat_path,"173,521",0,1650.0%,0.0%,0.0%,2,Продукты/Бакалея/Крупы/Фрикадельки,"no_buyout, no_profit",False
Фильтры для масок ветрозащитных,Фильтры для масок ветрозащитных,,"164,262",566,3450.0%,70.0%,0.0%,29,Женщинам/Спецодежда и СИЗы/Средства защиты органов дыхания/Фильтр для масок ветрозащитных,no_profit,False
Продукты / Блины,Блины,no_cat_path,"163,710",0,2150.0%,0.0%,0.0%,4,Продукты/Готовая еда/Закуски/Блины,"no_buyout, no_profit",False
Ремешки для высотомеров,Ремешки для высотомеров,,"150,673",254,2250.0%,70.0%,0.0%,16,Аксессуары/Часы и ремешки/Ремешки для пульсометров,no_profit,False
Продукты / Хачапури,Хачапури,seasonal,"150,512",447,1650.0%,0.0%,9.2%,0,Продукты/Готовая еда/Хачапури,"no_buyout, no_sellers",False
Товары для взрослых / Мармелад эротик,Мармелад эротик,,"144,776",422,2950.0%,70.0%,0.0%,5,Товары для взрослых/Сувениры/Мармелад эротик,no_profit,False
Акции / Чевапчичи,Чевапчичи,,"144,522",195,1650.0%,70.0%,0.0%,2,Акции/Дачные скидки/Продукты/Мясная продукция/Чевапчичи,no_profit,False
Продукты / Вареники,Вареники,,"120,226",292,1650.0%,70.0%,0.0%,6,Продукты/Вкусные подарки/Вареники,no_profit,False
Продукты / Сыр,Сырки глазированные,,"103,931",65,1650.0%,70.0%,0.0%,1,Продукты/Здоровое питание/Сыр,no_profit,False
Продукты / Сэндвичи,Сэндвичи,no_cat_path,"101,979",0,1650.0%,0.0%,35.5%,3,Продукты/Готовая еда/Закуски/Сэндвичи,no_buyout,False
Акции / Буженина,Буженина,,"95,405",228,1650.0%,70.0%,0.0%,1,Акции/Дачные скидки/Продукты/Мясная продукция/Буженина,no_profit,False
Акции / Крабовые палочки,Крабовые палочки,,"91,282",117,1650.0%,70.0%,0.0%,1,Акции/Дачные скидки/Продукты/Замороженная продукция/Крабовые палочки,no_profit,False
Люля-кебаб,Люля-кебаб,no_cat_path,"88,440",146,1650.0%,0.0%,0.0%,2,,"no_buyout, no_profit",False
Ремкомплекты для бассейнов,Ремкомплекты для бассейнов,seasonal,"69,913",960,0.0%,100.0%,42.6%,0,Сад и дача/Бассейны/Аксессуары для бассейнов/Ремкомплект для надувной мебели,"no_commission, no_sellers",False
Пантолеты,Пантолеты,no_cat_path,"63,274","1,500",0.0%,100.0%,47.8%,1,,no_commission,False
Женщинам / Шубы натуральные,Шубы для животных,,"57,638",327,2150.0%,70.0%,0.0%,18,Женщинам/Для невысоких/Шубы натуральные,no_profit,False
Продукты / Ряженка,Ряженка,,"57,403",110,1650.0%,70.0%,0.0%,7,Продукты/Молочные продукты и яйца/Ряженка,no_profit,False
Акции / Кефир,Кефир,,"52,676",87,1650.0%,70.0%,0.0%,1,Акции/Дачные скидки/Продукты/Молочные продукты и яйца/Кефир,no_profit,False
Лангустины,Лангустины,no_cat_path,"50,765","1,829",1650.0%,0.0%,29.4%,1,,no_buyout,False
Продукты / Грибы,Грибы свежие,,"49,873",179,1650.0%,70.0%,0.0%,3,"Продукты/Овощи, зелень, грибы/Грибы",no_profit,False
Продукты / Десерты,Десерты творожные,,"37,049",119,1650.0%,70.0%,0.0%,1,Продукты/Молочные продукты и яйца/Десерт творожный,no_profit,False
Продукты / Замороженная пицца,Замороженная пицца,no_cat_path,"32,437",0,1650.0%,0.0%,0.0%,2,Продукты/Готовая еда/Закуски/Замороженная пицца,"no_buyout, no_profit",False
Продукты / Кулак краба,Кулак краба,,"31,350",305,1650.0%,70.0%,0.0%,1,Продукты/Рыба и морепродукты/Кулак краба,no_profit,False
Слойки,Слойки,,"23,043",251,2150.0%,70.0%,0.0%,1,"Продукты/Сладости и хлебобулочные изделия/Хлеб, булочки, лепешки/Слойка",no_profit,False
Продукты / Тан,Тан,,"19,932",228,1650.0%,70.0%,0.0%,1,Продукты/Готовая еда/Напитки/Тан,no_profit,False
Термотрусы для малышей,Термотрусы для малышей,,"16,769",435,3450.0%,70.0%,0.0%,12,Мужчинам/Белье/Термотрусы,no_profit,False
Хинкали,Хинкали,no_cat_path,"15,015",0,1650.0%,100.0%,0.0%,1,,no_profit,False
Продукты / Замороженные грибы,Замороженные супы,,"14,898",163,1650.0%,70.0%,0.0%,1,Продукты/Бакалея/Крупы/Замороженный суп,no_profit,False
Продукты / Пирожки,Пирожки,no_cat_path,"14,504",0,1650.0%,0.0%,0.0%,1,Продукты/Снеки/Пирожки,"no_buyout, no_profit",False
Блейзеры,Блейзеры,no_cat_path,"10,938",0,0.0%,100.0%,0.0%,3,,"no_commission, no_profit",False
Акции / Айран,Айран,,"10,794",70,1650.0%,70.0%,0.0%,1,Акции/Дачные скидки/Продукты/Молочные продукты и яйца/Айран,no_profit,False
Катык,Катык,no_cat_path,"10,684",0,1650.0%,0.0%,0.0%,1,,"no_buyout, no_profit",False
Продукты / Готовые салаты,Готовые салаты,no_cat_path,"9,218",0,2150.0%,100.0%,0.0%,1,Продукты/Готовая еда/Салаты/Готовый салат,no_profit,False
Продукты / Чиабатта,Чиабатта,no_cat_path,"7,548",0,1650.0%,0.0%,0.0%,1,Продукты/Готовая еда/Остальное/Чиабатта,"no_buyout, no_profit",False
Шницели,Шницели,no_cat_path,"7,440",414,1650.0%,0.0%,7.0%,1,,no_buyout,False
Детям / Таблички детские,Таблички для бани,seasonal,"4,801",349,0.0%,96.2%,17.5%,0,Сад и дача/Товары для бани и сауны/Предметы интерьера бани/Таблички и наклейки информационные,"no_commission, no_sellers",False
Дом / Подарочные боксы,Подарочные карты,,"4,469",384,3250.0%,100.0%,0.0%,1,Дом/Все для праздника/Букеты/Подарочный бокс,no_profit,False
Детям / Бермуды для малышей,Бермуды для малышей,,"2,733",427,2950.0%,70.0%,0.0%,4,Детям/Для новорожденных/Одежда для крещения/Бермуды для малышей,no_profit,False
Слиперы,Слиперы,no_cat_path,"2,209","2,556",0.0%,100.0%,51.6%,1,,no_commission,False
Монокини,Монокини,no_cat_path,"2,157","2,873",0.0%,0.0%,52.2%,1,,"no_commission, no_buyout",False
Оладьи,Оладьи,,"1,794",125,1650.0%,70.0%,0.0%,1,Продукты/Замороженная продукция/Оладьи,no_profit,False
Жидкости для розжига,Жидкости для розжига,,"1,298",72,2350.0%,70.0%,0.0%,1,"Сад и дача/Грили, мангалы и барбекю/Уголь, дрова и средства для розжига",no_profit,False
Акции / Чебурек,Чебуреки,,"1,017",88,1650.0%,70.0%,0.0%,1,Акции/Дачные скидки/Продукты/Мясная продукция/Чебурек,no_profit,False
Бекон,Бекон,no_cat_path,45,187,1650.0%,0.0%,0.0%,1,,"no_buyout, no_profit",False
Корсажи,Корсажи,dead,0,0,0.0%,50.0%,0.0%,0,,"no_commission, no_profit, no_sellers",False
Броши ювелирная бижутерия,Броши ювелирная бижутерия,seasonal,0,808,0.0%,100.0%,39.9%,0,Ювелирные изделия/Броши,"no_commission, no_sellers",False
Запчасти для посудомоечных машин,Запчасти для посудомоечных машин,seasonal,0,"2,644",0.0%,100.0%,51.8%,0,Бытовая техника/Крупная бытовая техника/Аксессуары и запчасти для крупной бытовой техники/Аксессуары и запчасти для посудомоечных машин,"no_commission, no_sellers",False
Брелоки для автомобильных ключей,Брелоки для автомобильных ключей,seasonal,0,428,0.0%,100.0%,24.8%,0,Аксессуары/Бижутерия/Брелоки/Для автомобильных ключей,"no_commission, no_sellers",False
Ножницы садовые аккумуляторные,Ножницы садовые аккумуляторные,seasonal,0,"2,048",0.0%,100.0%,50.3%,0,"Сад и дача/Садовая техника/Садовые ножницы, кусторезы и секаторы/Ножницы садовые","no_commission, no_sellers",False
Поке,Поке,dead,0,0,2150.0%,0.0%,33.4%,0,,"no_buyout, no_sellers",False
Красота / Ватные палочки,Куриные палочки,seasonal,0,972,1650.0%,0.0%,23.7%,0,Дом/Кухня/Кухонная утварь/Палочки для еды,"no_buyout, no_sellers",False
Продукты / Пресервы рыбные,Пресервы рыбные,seasonal,0,138,1650.0%,0.0%,0.0%,0,Продукты/Рыба и морепродукты/Консервы рыбные,"no_buyout, no_profit, no_sellers",False
Продукты / Икра улитки,Икра улитки,seasonal,0,"1,760",1650.0%,0.0%,29.2%,0,Продукты/Бакалея/Консервация/Икра улитки,"no_buyout, no_sellers",False
Автотовары / Габаритные огни,Бенгальские огни,dead,0,"1,600",0.0%,0.0%,48.4%,0,Автотовары/Другие аксессуары и доп. оборудование/Электроника/Габаритные огни,"no_commission, no_buyout, no_sellers",False
Брюки сноубордические,Брюки сноубордические,dead,0,0,0.0%,100.0%,0.0%,0,Спорт/Зимние виды спорта/Сноуборд/Одежда и белье/Брюки спортивные,"no_commission, no_profit, no_sellers",False
Наконечники для карниза,Наконечники для карниза,dead,0,288,0.0%,75.0%,9.1%,0,Дом/Шторы/Карнизы/Комплектующие для карнизов,"no_commission, no_sellers",False
Электроника / Цифровые ручки,Уровни цифровые,seasonal,0,"4,500",0.0%,100.0%,53.9%,0,Для ремонта/Инструменты и оснастка/Измерительные приборы/Комплектующие для лазерного уровня и нивелира,"no_commission, no_sellers",False
Матрасы надувные,Матрасы надувные,seasonal,0,"2,809",0.0%,91.7%,52.1%,0,Сад и дача/Бассейны/Надувные изделия и аксессуары для плавания/Матрас для плавания,"no_commission, no_sellers",False
Книги 18+,Книги 18+,seasonal,0,597,0.0%,100.0%,33.9%,0,Книги,"no_commission, no_sellers",False
Продукты / Варенец,Варенец,seasonal,0,643,1650.0%,0.0%,17.3%,0,Продукты/Молочные продукты и яйца/Варенец,"no_buyout, no_sellers",False
Клещи токоизмерительные,Клещи токоизмерительные,seasonal,0,"1,063",0.0%,100.0%,44.0%,0,Для ремонта/Инструменты и оснастка/Монтажные инструменты/Клещи строительные,"no_commission, no_sellers",False
Канцтовары / Клей,Клей обойный,seasonal,0,"10,220",0.0%,100.0%,55.6%,0,Для ремонта/Лакокрасочные материалы/Покрытия для дерева/Клей строительный,"no_commission, no_sellers",False
Канцтовары / Клей,Клей монтажный,seasonal,0,575,0.0%,100.0%,33.0%,0,Для ремонта/Лакокрасочные материалы/Покрытия для дерева/Клей строительный,"no_commission, no_sellers",False
Канцтовары / Клей,Клей эпоксидный,seasonal,0,330,0.0%,100.0%,15.2%,0,Для ремонта/Лакокрасочные материалы/Покрытия для дерева/Клей строительный,"no_commission, no_sellers",False
Бытовая техника / Весы,Весы электронные,dead,0,"1,165",0.0%,100.0%,45.2%,0,Бытовая техника/Красота и здоровье/Весы напольные/Умные весы,"no_commission, no_sellers",False
Манго,Манго,dead,0,193,0.0%,100.0%,0.0%,0,,"no_commission, no_profit, no_sellers",False
Для ремонта / Мел,Ламели для кровати,seasonal,0,"1,229",0.0%,96.3%,45.8%,0,Дом/Спальня/Мебель/Основание для кровати,"no_commission, no_sellers",False
Клапаны регулирующие садовые,Клапаны регулирующие садовые,seasonal,0,295,0.0%,100.0%,10.2%,0,Сад и дача/Садовая техника/Аксессуары для насосов и станций/Обратный клапан для насоса,"no_commission, no_sellers",False
Отражатели для нивелиров,Отражатели для нивелиров,seasonal,0,369,0.0%,100.0%,19.6%,0,Для ремонта/Инструменты и оснастка/Измерительные приборы/Комплектующие для лазерного уровня и нивелира,"no_commission, no_sellers",False
Канцтовары / Клей,Клей для плитки,seasonal,0,"10,494",0.0%,100.0%,55.7%,0,Для ремонта/Лакокрасочные материалы/Покрытия для дерева/Клей строительный,"no_commission, no_sellers",False
Подарочные коробки 18+,Подарочные коробки 18+,seasonal,0,326,0.0%,100.0%,14.7%,0,Дом/Все для праздника/Подарочная упаковка/Подарочная коробка,"no_commission, no_sellers",False
Кюлоты,Кюлоты,dead,0,"1,898",0.0%,100.0%,49.7%,0,,"no_commission, no_sellers",False
Продукты / Молоко капсульное,Молоко капсульное,seasonal,0,626,2150.0%,100.0%,11.8%,0,Продукты/Молочные продукты и яйца/Молоко капсульное,no_sellers,False
Зельц,Зельц,dead,0,717,1650.0%,0.0%,19.3%,0,,"no_buyout, no_sellers",False
Стейки,Стейки,dead,0,430,1650.0%,95.4%,8.1%,0,,no_sellers,False
Дом / Крючки,Крючки для штор,seasonal,0,295,0.0%,0.0%,10.2%,0,Дом/Шторы/Аксессуары/Аксессуары для штор,"no_commission, no_buyout, no_sellers",False
Красота / Муссы,Муссы молочные,seasonal,0,999,1650.0%,0.0%,24.0%,0,Красота/Для загара/Муссы,"no_buyout, no_sellers",False
Штифты для ремешков,Штифты для ремешков,dead,0,500,0.0%,100.0%,29.4%,0,,"no_commission, no_sellers",False
Золотые слитки,Золотые слитки,dead,0,27,2950.0%,0.0%,0.0%,0,,"no_buyout, no_profit, no_sellers",False
Окорока,Окорока,dead,0,0,1650.0%,0.0%,0.0%,0,,"no_buyout, no_profit, no_sellers",False
Автотовары / Цепь привода,Вода косметическая,seasonal,0,717,0.0%,100.0%,37.8%,0,Красота/Аптечная косметика/Термальная вода,"no_commission, no_sellers",False
Курники,Курники,dead,0,438,1650.0%,0.0%,8.6%,0,,"no_buyout, no_sellers",False
Для ремонта / Жидкие обои,Жидкие гвозди,seasonal,0,543,0.0%,100.0%,31.6%,0,Для ремонта/Крепеж/Гвозди/Другие строительные крепления,"no_commission, no_sellers",False
Женщинам / Подкладки для бретелей,Подкладки под глаза,dead,0,278,0.0%,100.0%,7.4%,0,Красота/Макияж/Глаза,"no_commission, no_sellers",False
Красота / Лаки,Лаки аэрозольные,seasonal,0,"9,638",0.0%,100.0%,55.6%,0,Автотовары/Краски и грунтовки/Лаки автомобильные,"no_commission, no_sellers",False
Дозаторы для бассейнов,Дозаторы для бассейнов,seasonal,0,656,0.0%,100.0%,36.0%,0,Сад и дача/Бассейны/Аксессуары для бассейнов/Аксессуар для бассейна,"no_commission, no_sellers",False
Цифровые аудиоучебники,Цифровые аудиоучебники,seasonal,0,250,0.0%,0.0%,1.8%,0,Книги/Аудиокниги,"no_commission, no_buyout, no_sellers",False
Кольца ювелирная бижутерия,Кольца ювелирная бижутерия,dead,0,321,0.0%,100.0%,14.0%,0,Аксессуары/Бижутерия/Кольца,"no_commission, no_sellers",False
Мебель / Кровати,Кровати надувные,seasonal,0,"1,988",0.0%,57.9%,50.1%,0,Мебель/Матрасы/Наматрасники/Кровати,"no_commission, no_sellers",False
Пламперы для губ,Пламперы для губ,dead,0,334,0.0%,100.0%,15.7%,0,,"no_commission, no_sellers",False
Стрипсы для декольте,Стрипсы для декольте,dead,0,50,0.0%,100.0%,0.0%,0,,"no_commission, no_profit, no_sellers",False
Творожки,Творожки,dead,0,60,1650.0%,0.0%,0.0%,0,,"no_buyout, no_profit, no_sellers",False
Кукурузолущилки,Кукурузолущилки,dead,0,"2,120",0.0%,0.0%,50.5%,0,,"no_commission, no_buyout, no_sellers",False
Ребрышки,Ребрышки,dead,0,0,1650.0%,0.0%,0.0%,0,,"no_buyout, no_profit, no_sellers",False
Товары для взрослых / Секс мячи,Секс мячи,seasonal,0,895,2950.0%,100.0%,62.8%,0,Товары для взрослых/Фетиш и БДСМ/Секс мяч,no_sellers,False
Автотовары / Муфты на руль,Муфты садовые,dead,0,680,0.0%,100.0%,36.7%,0,Бытовая техника/Садовая техника,"no_commission, no_sellers",False
Женщинам / Бандажи,Бандажи грыжевые,seasonal,0,"1,942",0.0%,100.0%,49.9%,0,Здоровье/Ортопедия/Бандажи и ортезы/Бандаж ортопедический,"no_commission, no_sellers",False
Детям / Посуда,Посуда и инвентарь,seasonal,0,306,2950.0%,100.0%,0.0%,0,Дом/Кухня/Декоративная посуда,"no_profit, no_sellers",False
Вентканалы,Вентканалы,dead,0,486,0.0%,80.6%,28.6%,0,,"no_commission, no_sellers",False
Боулы,Боулы,dead,0,880,1650.0%,81.8%,72.4%,0,,no_sellers,False
Ароматические попурри,Ароматические попурри,seasonal,0,693,0.0%,100.0%,37.1%,0,Дом/Парфюмерия для дома/Воск ароматический,"no_commission, no_sellers",False
Женщинам / Леггинсы,Леггинсы ч/н,seasonal,0,430,0.0%,71.2%,24.9%,0,Детям/Для девочек/Брюки и шорты/Леггинсы,"no_commission, no_sellers",False
Комплектующие для штор,Комплектующие для штор,dead,0,389,0.0%,0.0%,21.5%,0,Дом/Шторы/Карнизы/Комплектующие для карнизов,"no_commission, no_buyout, no_sellers",False
Консерванты,Консерванты,dead,0,796,0.0%,0.0%,39.7%,0,,"no_commission, no_buyout, no_sellers",False
ОСП (ориентированно-стружечные плиты),ОСП (ориентированно-стружечные плиты),dead,0,355,0.0%,0.0%,0.0%,0,,"no_commission, no_buyout, no_profit, no_sellers",False
Сад и дача / Меха для розжига,Береста для розжига,seasonal,0,"2,289",0.0%,80.0%,51.0%,0,"Сад и дача/Грили, мангалы и барбекю/Уголь, дрова и средства для розжига","no_commission, no_sellers",False
Кумыс,Кумыс,dead,0,"1,269",1650.0%,0.0%,26.5%,0,,"no_buyout, no_sellers",False
Автотовары / Очистители фар,Очистители плесени,seasonal,0,444,2850.0%,100.0%,0.0%,0,Автотовары/Автокосметика и автохимия/Очистители автомобильные/Очиститель универсальный,"no_profit, no_sellers",False
Продукты / Замороженные вторые блюда,Вторые блюда,seasonal,0,252,3450.0%,0.0%,0.0%,0,Продукты/Мясная продукция/Замороженные вторые блюда,"no_buyout, no_profit, no_sellers",False
Канцтовары / Ножи канцелярские,Канцелярские товары,seasonal,0,"1,646",2950.0%,100.0%,15.7%,0,Канцтовары/Офисные принадлежности/Нож канцелярский,no_sellers,False
Продукты / Булочки,Булочки,seasonal,0,17,2150.0%,0.0%,0.0%,0,"Продукты/Сладости и хлебобулочные изделия/Хлеб, булочки, лепешки/Булочки","no_buyout, no_profit, no_sellers",False
Грузовой и коммерческий транспорт,Грузовой и коммерческий транспорт,seasonal,0,"4,623,200",50.0%,70.0%,7.0%,0,Транспортные средства/Грузовой и коммерческий транспорт,no_sellers,False
Автотовары / Датчики фаз,Датчики утечки газа,seasonal,0,250,1250.0%,100.0%,0.0%,0,Автотовары/Запчасти/Электрооборудование/Датчики автомобильные,"no_profit, no_sellers",False
Эчпочмаки,Эчпочмаки,dead,0,0,1650.0%,0.0%,0.0%,0,,"no_buyout, no_profit, no_sellers",False
Перекись водорода для бассейна,Перекись водорода для бассейна,seasonal,0,0,2350.0%,0.0%,0.0%,0,Сад и дача/Бассейны/Уход за бассейном/Средство для бассейна,"no_buyout, no_profit, no_sellers",False
Очистители аэрозольные,Очистители аэрозольные,seasonal,0,"10,552",0.0%,100.0%,55.7%,0,Автотовары/Автокосметика и автохимия/Очистители автомобильные,"no_commission, no_sellers",False
Кушоны,Кушоны,dead,0,600,0.0%,100.0%,34.0%,0,,"no_commission, no_sellers",False
Бассейны,Бассейны,seasonal,0,"1,365",0.0%,100.0%,46.9%,0,Сад и дача/Бассейны,"no_commission, no_sellers",False
Коврики на стулья,Коврики на стулья,seasonal,0,"2,919",0.0%,98.4%,52.3%,0,Детям/Детская комната/Декор для детской комнаты/Коврики детские,"no_commission, no_sellers",False
Биточки,Биточки,dead,0,188,1650.0%,0.0%,0.0%,0,,"no_buyout, no_profit, no_sellers",False
Продукты / Колбаски,Баски,seasonal,0,"1,350",0.0%,80.0%,46.8%,0,Продукты/Готовая еда/Закуски/Колбаски,"no_commission, no_sellers",False
Дом / Коврики комнатные,Коврики комнатные,seasonal,0,"2,990",0.0%,100.0%,52.4%,0,Дом/Гостиная/Коврики комнатные,"no_commission, no_sellers",False
Шпик,Шпик,dead,0,736,1650.0%,0.0%,19.7%,0,,"no_buyout, no_sellers",False
Сад и дача / Рукавицы для бани,Рукавицы одноразовые,seasonal,0,"1,643",2550.0%,100.0%,66.5%,0,Женщинам/Спецодежда и СИЗы/Одноразовые изделия/Рукавица одноразовая,no_sellers,False
Холодная сварка,Холодная сварка,dead,0,329,0.0%,100.0%,15.0%,0,,"no_commission, no_sellers",False
Шаурма,Шаурма,dead,0,0,1650.0%,0.0%,35.5%,0,,"no_buyout, no_sellers",False
Красота / Бальзамы,Сиропы-бальзамы,seasonal,0,372,0.0%,100.0%,19.9%,0,Продукты/Здоровое питание/Сироп,"no_commission, no_sellers",False
Балясины,Балясины,dead,0,"1,493",0.0%,100.0%,47.8%,0,,"no_commission, no_sellers",False
Дом / Простыни,Простыни натяжные,seasonal,0,825,0.0%,100.0%,40.3%,0,Дом/Спальня/Постельные принадлежности/Простыни,"no_commission, no_sellers",False
Детям / Коляски-люльки,Коляски-люльки,seasonal,0,"15,000",0.0%,87.5%,56.1%,0,Детям/Прогулки и путешествия/Коляски/Коляски-люльки,"no_commission, no_sellers",False
Автотовары / Датчики фаз,Датчики задымления,seasonal,0,"1,142",1250.0%,93.8%,29.5%,0,Автотовары/Запчасти/Электрооборудование/Датчики автомобильные/Датчик автомобильный,no_sellers,False
Дом / Крючки,Крючки для ванной,seasonal,0,367,0.0%,100.0%,19.4%,0,Для ремонта/Сантехника/Аксессуары для ванной,"no_commission, no_sellers",False
Продукты / Тан,Танкини,seasonal,0,"2,090",0.0%,100.0%,50.4%,0,Продукты/Готовая еда/Напитки/Тан,"no_commission, no_sellers",False
Акции / Лед сухой,Лед сухой,seasonal,0,315,2150.0%,0.0%,0.0%,0,Для ремонта/Стройматериалы/Строительные смеси/Противогололедный реагент,"no_buyout, no_profit, no_sellers",False
Аноды для водонагревателей,Аноды для водонагревателей,seasonal,0,808,0.0%,100.0%,39.9%,0,Для ремонта/Водоснабжение и газоснабжение/Запчасти для водоснабжения/Запчасть для водонагревателя,"no_commission, no_sellers",False
Ограничители для двери,Ограничители для двери,dead,0,"9,716",0.0%,100.0%,55.6%,0,"Для ремонта/Двери, окна и фурнитура/Двери и фурнитура/Стопор и ограничитель двери","no_commission, no_sellers",False
Комплекты спального места,Комплекты спального места,seasonal,0,"2,593",0.0%,100.0%,51.7%,0,Мебель/По помещениям/Спальня/Комплекты мебели,"no_commission, no_sellers",False
Браслеты ювелирная бижутерия,Браслеты ювелирная бижутерия,seasonal,0,868,0.0%,0.0%,41.1%,0,Аксессуары/Бижутерия/Браслеты,"no_commission, no_buyout, no_sellers",False
Для ремонта / Коннекторы шинопроводов,Коннекторы садовые,dead,0,276,0.0%,100.0%,7.1%,0,Сад и дача/Полив/Коннекторы и штуцеры садовые,"no_commission, no_sellers",False
Крепления для поручней,Крепления для поручней,seasonal,0,258,0.0%,0.0%,3.5%,0,Дом/Ванная/Поручни и ручки/Поручни для ванной комнаты,"no_commission, no_buyout, no_sellers",False
Подпятники для мебели,Подпятники для мебели,dead,0,219,0.0%,100.0%,0.0%,0,Для ремонта/Крепеж/Мебельная фурнитура/Накладка-протектор для мебели,"no_commission, no_profit, no_sellers",False
Дом / Поручни и ручки,Поручни,seasonal,0,"1,462",0.0%,100.0%,47.6%,0,Дом/Ванная/Поручни и ручки/Поручни для ванной комнаты,"no_commission, no_sellers",False
Коврики для запекания,Коврики для запекания,seasonal,0,664,0.0%,96.9%,36.2%,0,Дом/Кухня/Выпечка и запекание/Коврик для выпечки,"no_commission, no_sellers",False
Гардины,Гардины,dead,0,"2,220",0.0%,92.3%,50.8%,0,,"no_commission, no_sellers",False
Красота / Наборы,Наборы для барбекю,seasonal,0,"2,040",0.0%,100.0%,50.2%,0,"Сад и дача/Грили, мангалы и барбекю/Решетки и аксессуары для гриля и мангала/Набор для пикника","no_commission, no_sellers",False
Костюмы горнолыжные,Костюмы горнолыжные,dead,0,"7,858",0.0%,100.0%,55.2%,0,Спорт/Для детей/Одежда/Костюмы и комбинезоны/Куртка горнолыжная,"no_commission, no_sellers",False
Водосгоны,Водосгоны,dead,0,860,0.0%,96.6%,41.0%,0,,"no_commission, no_sellers",False
Мужчинам / Боди,Боди гимнастические,seasonal,0,513,0.0%,100.0%,30.1%,0,Спорт/Для женщин/Одежда/Боди и купальники/Купальник гимнастический,"no_commission, no_sellers",False
Прочая дверная фурнитура,Прочая дверная фурнитура,seasonal,0,"1,500",0.0%,100.0%,47.8%,0,"Для ремонта/Двери, окна и фурнитура/Двери и фурнитура","no_commission, no_sellers",False
Дом / Манекены,Манекены для татуажа,seasonal,0,225,0.0%,0.0%,0.0%,0,Красота/Аксессуары/Для макияжа/Манекен для косметологии,"no_commission, no_buyout, no_profit, no_sellers",False
Подвески ювелирная бижутерия,Подвески ювелирная бижутерия,dead,0,787,0.0%,0.0%,39.5%,0,Женщинам/Подарки женщинам/Бижутерные украшения/Подвеска бижутерная,"no_commission, no_buyout, no_sellers",False
Дом / Диваны,Диваны надувные,seasonal,0,"1,202",0.0%,100.0%,45.5%,0,Дом/Гостиная/Мебель/Диван бескаркасный,"no_commission, no_sellers",False
Спорт / Колеса,Колеса автомобильные,seasonal,0,550,0.0%,100.0%,31.9%,0,Автотовары/Шины и диски колесные/Шины/Шина автомобильная,"no_commission, no_sellers",False
Продукты / Сашими,Сашими,seasonal,0,818,1650.0%,70.0%,21.3%,0,Продукты/Готовая еда/Роллы и суши/Сашими,no_sellers,False
Мужчинам / Жилеты,Жилеты утепленные,seasonal,0,"10,998",0.0%,47.8%,55.8%,0,Женщинам/Большие размеры/Верхняя одежда/Жилеты,"no_commission, no_sellers",False
Мешки для хранения белья,Мешки для хранения белья,seasonal,0,525,0.0%,0.0%,30.7%,0,Дом/Гостиная/Коробки для хранения/Органайзер для хранения,"no_commission, no_buyout, no_sellers",False
Костюмы охотничьи,Костюмы охотничьи,seasonal,0,"1,757",0.0%,100.0%,49.2%,0,Женщинам/Костюмы,"no_commission, no_sellers",False
Модули управления центральным замком,Модули управления центральным замком,seasonal,0,855,0.0%,100.0%,40.9%,0,Автотовары/Другие аксессуары и доп. оборудование/Электроника/Электрика и управление/Центральный замок,"no_commission, no_sellers",False
Брюки горнолыжные,Брюки горнолыжные,seasonal,0,"9,335",0.0%,35.4%,55.5%,0,Женщинам/Брюки,"no_commission, no_sellers",False
Автотовары / Съемники,Съемники обшивки,seasonal,0,611,0.0%,93.9%,34.4%,0,Автотовары/Инструменты/Съемники/Съемник автомобильный,"no_commission, no_sellers",False
Переходники для бассейна,Переходники для бассейна,seasonal,0,"1,414",0.0%,100.0%,47.2%,0,Сад и дача/Бассейны/Аксессуары для бассейнов/Аксессуар для бассейна,"no_commission, no_sellers",False
Ленты для гирлянд из воздушных шаров,Ленты для гирлянд из воздушных шаров,dead,0,268,0.0%,100.0%,5.5%,0,Дом/Все для праздника/Воздушные шарики и аксессуары/Аксессуар для воздушных шаров,"no_commission, no_sellers",False
Насадки для зубных щеток,Насадки для зубных щеток,seasonal,0,945,0.0%,100.0%,42.4%,0,Здоровье/Уход за полостью рта/Насадки для электрических зубных щеток,"no_commission, no_sellers",False
Дом / Фольга пищевая,Фольга для маникюра,seasonal,0,303,0.0%,100.0%,11.5%,0,Красота/Аксессуары/Для маникюра и педикюра/Декор для маникюра,"no_commission, no_sellers",False
Ароматические украшения,Ароматические украшения,seasonal,0,580,0.0%,100.0%,33.2%,0,Автотовары/Аксессуары в салон и багажник/Ароматизаторы,"no_commission, no_sellers",False
Платы для светильников,Платы для светильников,seasonal,0,"7,983",0.0%,100.0%,55.3%,0,Дом/Освещение/Комплектующие для светильников,"no_commission, no_sellers",False
Мультиметры,Мультиметры,seasonal,0,"1,357",0.0%,100.0%,46.8%,0,Автотовары/Инструменты/Тестеры,"no_commission, no_sellers",False
Подстилки для бассейнов,Подстилки для бассейнов,seasonal,0,"2,789",0.0%,100.0%,52.0%,0,Сад и дача/Товары для бани и сауны/Предметы интерьера бани/Подстилки противоскользящие,"no_commission, no_sellers",False
Автотовары / Съемники,Съемники шарниров,seasonal,0,536,0.0%,93.4%,31.2%,0,Автотовары/Инструменты/Съемники/Съемник автомобильный,"no_commission, no_sellers",False
Жидкие средства для стирки,Жидкие средства для стирки,seasonal,0,550,0.0%,100.0%,31.9%,0,Дом/Бытовая химия/Средства для стирки/Гель для стирки,"no_commission, no_sellers",False
Красота,Красота,dead,0,0,3250.0%,0.0%,0.0%,0,Красота,"no_buyout, no_profit, no_sellers",False
Бандажи лучезапястные,Бандажи лучезапястные,seasonal,0,405,0.0%,100.0%,22.9%,0,Здоровье/Ортопедия/Бандажи и ортезы,"no_commission, no_sellers",False
Кресла и пуфы надувные,Кресла и пуфы надувные,seasonal,0,620,0.0%,100.0%,34.7%,0,Мебель/Диваны и кресла/Пуфы,"no_commission, no_sellers",False
Аккумуляторы для пылесосов,Аккумуляторы для пылесосов,seasonal,0,550,0.0%,90.9%,31.9%,0,Бытовая техника/Техника для дома/Аксессуары для пылесосов/Запчасть для пылесоса,"no_commission, no_sellers",False
Запчасти для систем автополива,Запчасти для систем автополива,seasonal,0,"1,262",0.0%,100.0%,46.1%,0,Сад и дача/Полив/Системы автополива и запчасти,"no_commission, no_sellers",False
Капельницы для капельного полива,Капельницы для капельного полива,seasonal,0,"10,363",0.0%,100.0%,55.7%,0,Сад и дача/Полив/Системы автополива и запчасти,"no_commission, no_sellers",False
Женщинам / Бандажи,Бандажи шейные,seasonal,0,457,0.0%,96.2%,26.8%,0,Здоровье/Ортопедия/Бандажи и ортезы,"no_commission, no_sellers",False
Сад и дача / Пряности и зелень,Пряности,seasonal,0,180,0.0%,100.0%,0.0%,0,"Сад и дача/Растения, семена и грунты/Семена/Пряности и зелень","no_commission, no_profit, no_sellers",False
Дубинки телескопические,Дубинки телескопические,seasonal,0,0,2750.0%,0.0%,0.0%,0,Спорт/Охота и рыбалка/Рыбалка/Рыболовные аксессуары/Дубинки рыболовные,"no_buyout, no_profit, no_sellers",False
Коврики для холодильника,Коврики для холодильника,seasonal,0,237,0.0%,0.0%,0.0%,0,Бытовая техника/Крупная бытовая техника/Аксессуары и запчасти для крупной бытовой техники/Запчасть для холодильника,"no_commission, no_buyout, no_profit, no_sellers",False
Женщинам / Бандажи,Бандажи плечевые,seasonal,0,992,0.0%,100.0%,43.1%,0,Здоровье/Ортопедия/Бандажи и ортезы,"no_commission, no_sellers",False
Кольца для штор,Кольца для штор,seasonal,0,328,0.0%,100.0%,14.9%,0,Дом/Шторы/Аксессуары/Аксессуары для штор,"no_commission, no_sellers",False
Комплектующие для дровокола,Комплектующие для дровокола,seasonal,0,"2,929",0.0%,100.0%,52.3%,0,Автотовары/Инструменты/Автосервисное оборудование/Комплектующие для компрессоров,"no_commission, no_sellers",False
Для ремонта / Колючие проволоки,Проволоки сварочные,seasonal,0,"1,266",0.0%,100.0%,46.1%,0,Для ремонта/Стройматериалы/Изоляционные материалы/Колючие проволоки,"no_commission, no_sellers",False
Сад и дача / Арки садовые,Плоскорезы садовые,seasonal,0,"1,376",0.0%,96.0%,47.0%,0,Бытовая техника/Садовая техника,"no_commission, no_sellers",False
Продукты / Террины,Террины,seasonal,0,569,1650.0%,0.0%,14.9%,0,Продукты/Бакалея/Консервация/Террины,"no_buyout, no_sellers",False
Брюки пижамные,Брюки пижамные,seasonal,0,575,0.0%,50.0%,33.0%,0,Детям/Для мальчиков/Одежда для дома/Пижамы,"no_commission, no_sellers",False
Бижутерия,Бижутерия,seasonal,0,"1,578",2850.0%,100.0%,16.4%,0,Аксессуары/Бижутерия,no_sellers,False
Гидроциклы,Гидроциклы,dead,0,"2,852,500",50.0%,0.0%,7.0%,0,,"no_buyout, no_sellers",False
Транспортные средства / Катер,Катера,seasonal,0,"4,055,000",50.0%,0.0%,7.0%,0,Транспортные средства/Водомоторная техника/Катер,"no_buyout, no_sellers",False
Агроперлит,Агроперлит,dead,0,"9,682",0.0%,98.7%,55.6%,0,,"no_commission, no_sellers",False
Комбинезоны горнолыжные,Комбинезоны горнолыжные,dead,0,"16,305",0.0%,19.3%,56.2%,0,Женщинам/Комбинезоны,"no_commission, no_sellers",False
Коврики для нагрева воды,Коврики для нагрева воды,dead,0,256,0.0%,100.0%,3.1%,0,Дом/Коврики,"no_commission, no_sellers",False
Бандажи большого пальца ноги,Бандажи большого пальца ноги,dead,0,950,0.0%,86.5%,42.5%,0,Здоровье/Ортопедия/Бандажи и ортезы/Вставка для большого пальца,"no_commission, no_sellers",False
Спорт / Топоры,Топоры сувенирные,seasonal,0,"4,320",0.0%,0.0%,53.8%,0,Аксессуары/Ювелирные изделия/Ювелирный сувенир,"no_commission, no_buyout, no_sellers",False
Рийет,Рийет,dead,0,120,1650.0%,0.0%,0.0%,0,,"no_buyout, no_profit, no_sellers",False
Дом / Гравюры,Гравюры сувенирные,seasonal,0,260,0.0%,100.0%,3.9%,0,Дом/Досуг и творчество/Творчество и рукоделие/Гравюра,"no_commission, no_sellers",False
Кордон блю,Кордон блю,dead,0,813,1650.0%,0.0%,21.2%,0,,"no_buyout, no_sellers",False
Пульты для светильников,Пульты для светильников,dead,0,730,0.0%,100.0%,38.1%,0,Дом/Освещение/Комплектующие для светильников,"no_commission, no_sellers",False
Переходники для тормозной системы,Переходники для тормозной системы,seasonal,0,"1,989",0.0%,100.0%,50.1%,0,Спорт/Велоспорт/Велозапчасти/Адаптеры для тормозной системы,"no_commission, no_sellers",False
Дом / Кресла,Кресла-глайдеры,seasonal,0,"12,800",0.0%,100.0%,55.9%,0,Дом/Гостиная/Мебель/Кресло-качалка,"no_commission, no_sellers",False
Наборы для подвязки растений,Наборы для подвязки растений,seasonal,0,371,0.0%,100.0%,19.8%,0,Сад и дача/Удобрения и уход за растениями/Опоры и подвязки для растений/Подвязка для растений,"no_commission, no_sellers",False
Уплотнители для душевых кабин,Уплотнители для душевых кабин,seasonal,0,834,0.0%,100.0%,40.4%,0,Для ремонта/Сантехника/Комплектующие для душевых кабин,"no_commission, no_sellers",False
Направляющие для ящиков,Направляющие для ящиков,seasonal,0,271,0.0%,100.0%,6.1%,0,Для ремонта/Крепеж/Мебельная фурнитура/Направляющая мебельная,"no_commission, no_sellers",False
Зажигалки электронные,Зажигалки электронные,dead,0,618,0.0%,100.0%,34.7%,0,Дом/Кухня/Кухонная утварь/Пьезозажигалки,"no_commission, no_sellers",False
Подхваты,Подхваты,dead,0,334,0.0%,0.0%,15.6%,0,,"no_commission, no_buyout, no_sellers",False
Обувь,Обувь,seasonal,0,"2,206",3450.0%,100.0%,12.6%,0,Обувь,no_sellers,False
Сад и дача / Септик,Антисептик для бань,seasonal,0,616,2850.0%,91.7%,4.5%,0,Для ремонта/Лакокрасочные материалы/Покрытия для дерева/Антисептик-пропитка,no_sellers,False
Акции / Маргарин,Маргарин,seasonal,0,59,1650.0%,0.0%,0.0%,0,Акции/Дачные скидки/Продукты/Молочные продукты и яйца/Маргарин,"no_buyout, no_profit, no_sellers",False
Калиперы механические,Калиперы механические,seasonal,0,90,2750.0%,85.7%,67.8%,0,Спорт/Велоспорт/Велозапчасти/Тормозные калиперы,no_sellers,False
Автотовары / Трос для мототехники,Страхование техники,seasonal,0,"1,387",2350.0%,0.0%,20.3%,0,Автотовары/Мототовары/Другие детали/Другие запчасти для мототехники,"no_buyout, no_sellers",False
Кронштейны садовые,Кронштейны садовые,dead,0,398,0.0%,0.0%,22.4%,0,Сад и дача/Уличное и садовое освещение/Кронштейн для уличного светильника,"no_commission, no_buyout, no_sellers",False
Автотовары / Датчики фаз,Датчики двери,seasonal,0,"1,003",1250.0%,71.9%,28.0%,0,Автотовары/Запчасти/Электрооборудование/Датчики автомобильные/Датчик автомобильный,no_sellers,False
Зажимы для воздушных шаров,Зажимы для воздушных шаров,seasonal,0,792,0.0%,80.0%,39.6%,0,Дом/Все для праздника/Воздушные шарики и аксессуары/Аксессуар для воздушных шаров,"no_commission, no_sellers",False
Запчасти для фермерской техники,Запчасти для фермерской техники,seasonal,0,"17,400",0.0%,100.0%,56.2%,0,Сад и дача/Садовая техника/Двигатели и запчасти для садовой техники/Запчасть для садовой техники,"no_commission, no_sellers",False
Защита стволов деревьев,Защита стволов деревьев,seasonal,0,346,0.0%,97.4%,17.1%,0,Спорт/Для мужчин/Защита,"no_commission, no_sellers",False
Игрушки / Вертушки детские,Тушки кальмаров,seasonal,0,519,1650.0%,70.0%,12.9%,0,Продукты/Рыба и морепродукты/Тушка кальмара,no_sellers,False
Замороженные паровые булочки,Замороженные паровые булочки,seasonal,0,"1,838",1650.0%,0.0%,29.5%,0,"Продукты/Сладости и хлебобулочные изделия/Хлеб, булочки, лепешки/Паровые булочки","no_buyout, no_sellers",False
Игры (цифровой контент),Игры (цифровой контент),seasonal,0,"1,040",0.0%,0.0%,43.7%,0,Электроника/Игровые консоли и игры/Игры,"no_commission, no_buyout, no_sellers",False
Навесное оборудование для культиваторов,Навесное оборудование для культиваторов,seasonal,0,"8,436",1650.0%,0.0%,34.6%,0,"Сад и дача/Садовая техника/Культиваторы, мотоблоки, мотобуры/Навесное оборудование для садовой техники","no_buyout, no_sellers",False
Зразы,Зразы,dead,0,0,1650.0%,0.0%,0.0%,0,,"no_buyout, no_profit, no_sellers",False
Женщинам / Подкладки для бретелей,Подкладки для мебели,seasonal,0,383,0.0%,100.0%,21.0%,0,Для ремонта/Крепеж/Мебельная фурнитура/Накладка-протектор для мебели,"no_commission, no_sellers",False
Люверсы,Люверсы,dead,0,659,0.0%,0.0%,36.1%,0,,"no_commission, no_buyout, no_sellers",False
Тяпки,Тяпки,dead,0,"1,422",0.0%,90.0%,47.3%,0,,"no_commission, no_sellers",False
Мотыги,Мотыги,dead,0,"10,018",0.0%,100.0%,55.6%,0,,"no_commission, no_sellers",False
Красота / Кремы,Кремы восстановители,seasonal,0,"1,215",0.0%,100.0%,45.6%,0,Дом/Хозяйственные товары/Уход за одеждой/Восстановители кожи,"no_commission, no_sellers",False
Очистители цементных загрязнений,Очистители цементных загрязнений,seasonal,0,"1,114",2850.0%,100.0%,13.2%,0,Автотовары/Автокосметика и автохимия/Очистители автомобильные/Очиститель кузова,no_sellers,False
Кутабы,Кутабы,dead,0,0,1650.0%,0.0%,0.0%,0,,"no_buyout, no_profit, no_sellers",False
Женщинам / Комбинации и неглиже,Комбинации,seasonal,0,0,0.0%,50.0%,0.0%,0,Женщинам/Белье/Комбинации и неглиже,"no_commission, no_profit, no_sellers",False
Сантехника,Сантехника,dead,0,398,2750.0%,0.0%,0.0%,0,Для ремонта/Сантехника,"no_buyout, no_profit, no_sellers",False
Транспортные средства / Хаусбот,Хаусботы,seasonal,0,"17,070,625",50.0%,70.0%,7.0%,0,Транспортные средства/Водомоторная техника/Хаусбот,no_sellers,False
Биттер,Биттер,dead,0,0,450.0%,0.0%,0.0%,0,,"no_buyout, no_profit, no_sellers",False
Электроника / Цифровые ручки,Цифровые аудиокниги,seasonal,0,399,0.0%,100.0%,22.4%,0,Книги/Аудиокниги,"no_commission, no_sellers",False
Продукты / Маш,Кармашки в шкафчик,seasonal,0,399,0.0%,0.0%,22.4%,0,Дом/Детская/Хранение вещей/Карманы на кровать,"no_commission, no_buyout, no_sellers",False
Автотовары / Система смазки,Смазки для сверления,seasonal,0,570,0.0%,0.0%,32.8%,0,"Для ремонта/Инструменты и оснастка/Сверление, долбление, закручивание/Смазка для откручивания","no_commission, no_buyout, no_sellers",False
Холодец,Холодец,dead,0,155,1650.0%,0.0%,0.0%,0,,"no_buyout, no_profit, no_sellers",False
Браслеты парикмахерские,Браслеты парикмахерские,dead,0,544,0.0%,100.0%,31.6%,0,Женщинам/Подарки женщинам/Красота/Браслеты,"no_commission, no_sellers",False
Сникеры,Сникеры,dead,0,"2,470",0.0%,0.0%,51.4%,0,,"no_commission, no_buyout, no_sellers",False
Дом / Пьезозажигалки,Зажигалки бензиновые,dead,0,352,0.0%,0.0%,17.8%,0,Дом/Кухня/Кухонная утварь/Пьезозажигалки,"no_commission, no_buyout, no_sellers",False
Продукты / Сыр,Сырные шарики,seasonal,0,242,1650.0%,100.0%,0.0%,0,Продукты/Здоровое питание/Сыр,"no_profit, no_sellers",False
Женщинам / Бандажи,Бандажи набедренные,dead,0,"2,667",0.0%,100.0%,51.8%,0,Здоровье/Ортопедия/Бандажи и ортезы/Бандаж ортопедический,"no_commission, no_sellers",False
Дом / Органайзеры,Органайзеры дверные,seasonal,0,672,0.0%,85.0%,36.5%,0,Дом/Хранение вещей/Органайзеры,"no_commission, no_sellers",False
Запчасти для моек высокого давления,Запчасти для моек высокого давления,seasonal,0,"1,161",0.0%,100.0%,45.1%,0,Автотовары/Мойки высокого давления и аксессуары/Аксессуары и запчасти для моек высокого давления,"no_commission, no_sellers",False
Бытовая техника / Пылесосы,Мини-пылесосы,seasonal,0,"3,200",0.0%,97.1%,52.7%,0,Бытовая техника/Техника для дома/Пылесосы и пароочистители/Ручные и мини-пылесосы,"no_commission, no_sellers",False
Автотовары / Фиксаторы пружины,Фиксаторы дверные,seasonal,0,599,0.0%,100.0%,34.0%,0,"Для ремонта/Двери, окна и фурнитура/Двери и фурнитура/Доводчик дверной","no_commission, no_sellers",False
Зоотовары / Мицеллярная вода для животных,Мицеллярная вода,seasonal,0,554,0.0%,100.0%,32.1%,0,Зоотовары/Груминг и уход/Мицеллярная вода для животных,"no_commission, no_sellers",False
Сад и дача / Бак для бани,Настои для бани,seasonal,0,"9,932",0.0%,100.0%,55.6%,0,Мужчинам/Подарки мужчинам/Для дома/Набор аксессуаров для бани,"no_commission, no_sellers",False
Аксессуары для волос,Аксессуары для волос,seasonal,0,517,3450.0%,100.0%,0.0%,0,Аксессуары/Аксессуары для волос,"no_profit, no_sellers",False
Дом / Ткани,Ткани вышитые,seasonal,0,272,0.0%,100.0%,6.3%,0,Дом/Досуг и творчество/Творчество и рукоделие/Аксессуары и материалы для рукоделия/Ткани/Ткань для рукоделия,"no_commission, no_sellers",False
Шарниры для ригелей,Шарниры для ригелей,dead,0,206,0.0%,100.0%,0.0%,0,,"no_commission, no_profit, no_sellers",False
Крепления джокерной системы,Крепления джокерной системы,seasonal,0,386,0.0%,100.0%,21.2%,0,Мебель/Мебельная фурнитура/Система Джокер,"no_commission, no_sellers",False
Направляющие для шлангов,Направляющие для шлангов,seasonal,0,"1,526",0.0%,100.0%,48.0%,0,Сад и дача/Полив/Держатель для шланга,"no_commission, no_sellers",False
Продукты / Соусы детские,Соусы детские,seasonal,0,802,1950.0%,70.0%,18.0%,0,Продукты/Напитки/Соусы детские,no_sellers,False
Электроника / Соединители цепей,Соединители карнизов,seasonal,0,478,0.0%,100.0%,28.1%,0,Дом/Шторы/Карнизы/Комплектующие для карнизов,"no_commission, no_sellers",False
Шашки казачьи,Шашки казачьи,dead,0,"4,362",0.0%,100.0%,53.8%,0,,"no_commission, no_sellers",False
Мототовары,Мототовары,seasonal,0,"27,300",2650.0%,0.0%,25.6%,0,Автотовары/Мототовары,"no_buyout, no_sellers",False
Для ремонта / Генератор,Кварцевые генераторы,dead,0,365,2850.0%,0.0%,0.0%,0,Для ремонта/Микроэлектроника/Электронные компоненты/Кварцевый генератор,"no_buyout, no_profit, no_sellers",False
Жидкости для электронных сигарет,Жидкости для электронных сигарет,dead,0,423,2350.0%,100.0%,0.6%,0,Автотовары/Масла и жидкости,no_sellers,False
Герметики охлаждающей жидкости,Герметики охлаждающей жидкости,seasonal,0,750,0.0%,100.0%,38.6%,0,Автотовары/Автокосметика и автохимия/Герметики автомобильные,"no_commission, no_sellers",False
Отбеливающие карандаши для зубов,Отбеливающие карандаши для зубов,seasonal,0,723,0.0%,100.0%,37.9%,0,Здоровье/Уход за полостью рта/Отбеливающее средство для зубов,"no_commission, no_sellers",False
Кусторезы электрические,Кусторезы электрические,seasonal,0,"9,763",0.0%,100.0%,55.6%,0,Сад и дача/Садовые инструменты/Садовый режущий инструмент/Кусторез,"no_commission, no_sellers",False
Приборы для очищения кожи,Приборы для очищения кожи,seasonal,0,"2,341",0.0%,0.0%,51.1%,0,Бытовая техника/Красота и здоровье/Медицинские приборы/Чехол для медицинского прибора,"no_commission, no_buyout, no_sellers",False
Игрушки / Фигурки,Фигурки кованые,seasonal,0,"1,205",0.0%,100.0%,45.6%,0,Дом/Предметы интерьера/Фигурки и статуэтки,"no_commission, no_sellers",False
Несессеры,Несессеры,dead,0,724,0.0%,100.0%,37.9%,0,,"no_commission, no_sellers",False
Детям / Таблички детские,Таблички садовые,seasonal,0,202,0.0%,96.4%,0.0%,0,Сад и дача/Садовый декор/Садовые декоративные фигуры и таблички/Адресная табличка,"no_commission, no_profit, no_sellers",False
Сменные кассеты для фильтров,Сменные кассеты для фильтров,seasonal,0,590,0.0%,100.0%,33.6%,0,Дом/Хозяйственные товары/Хозяйственные товары для кухни/Кассета для фильтра-кувшина,"no_commission, no_sellers",False
Опунция,Опунция,dead,0,"2,015",1650.0%,0.0%,30.0%,0,,"no_buyout, no_sellers",False
Багги,Багги,dead,0,"368,242",50.0%,0.0%,7.0%,0,,"no_buyout, no_sellers",False
Запеканки,Запеканки,dead,0,0,1650.0%,100.0%,0.0%,0,,"no_profit, no_sellers",False
Аксессуары / Бант,Бантики для животных,seasonal,0,299,0.0%,100.0%,10.8%,0,Аксессуары/Ремни и пояса/Аксессуары для животных,"no_commission, no_sellers",False
Приборы для разогрева еды,Приборы для разогрева еды,seasonal,0,"2,490",0.0%,100.0%,51.5%,0,Бытовая техника/Техника для кухни/Приготовление блюд/Прибор для выпечки,"no_commission, no_sellers",False
Самса,Самса,dead,0,155,1650.0%,0.0%,0.0%,0,,"no_buyout, no_profit, no_sellers",False
Спорт / Топоры,Опоры мебельные,seasonal,0,480,0.0%,95.2%,28.2%,0,Детям/Детская комната/Детская мебель/Аксессуары для детской мебели,"no_commission, no_sellers",False
Спорт / Баллончики для пневматики,Перцовые баллончики,seasonal,0,885,2250.0%,65.2%,16.4%,0,Спорт/Товары для самообороны/Газовый баллончик учебный,no_sellers,False
Серьги ювелирная бижутерия,Серьги ювелирная бижутерия,seasonal,0,"1,000",0.0%,100.0%,43.2%,0,Аксессуары/Бижутерия/Серьги,"no_commission, no_sellers",False
Детям / Игрушечные гаражи,Гаражи сборные,seasonal,0,"200,000",300.0%,0.0%,49.4%,0,Сад и дача/Готовые строения и срубы/Гараж сборный,"no_buyout, no_sellers",False
Для ремонта / Поддоны для душа,Поддоны для рассады,seasonal,0,"1,040",0.0%,100.0%,43.7%,0,"Сад и дача/Горшки, кашпо и подставки для растений/Поддоны и коврики для цветов/Поддон для цветов","no_commission, no_sellers",False
Аксессуары / Цепочки,Очки для селфи,seasonal,0,"1,253",0.0%,0.0%,46.0%,0,Аксессуары/Очки и футляры/Аксессуары для очков/Очки для компьютера,"no_commission, no_buyout, no_sellers",False
Обувь / Босоножки,Ножки куриные,seasonal,0,254,1650.0%,0.0%,0.0%,0,Обувь/Женская/Босоножки и сандалии/Босоножки,"no_buyout, no_profit, no_sellers",False
Указатели правильности чередования фаз,Указатели правильности чередования фаз,seasonal,0,"11,816",0.0%,100.0%,55.8%,0,Автотовары/Запчасти/Электрооборудование/Датчики автомобильные/Датчик фаз,"no_commission, no_sellers",False
Блейзеры для малышей,Блейзеры для малышей,seasonal,0,"3,308",0.0%,100.0%,52.8%,0,Детям/Для девочек/Костюмы/Костюм для малыша,"no_commission, no_sellers",False
Акции / Васаберы,Васаберы,seasonal,0,300,1650.0%,50.0%,0.0%,0,Акции/Дачные скидки/Продукты/Снеки/Васаберы,"no_profit, no_sellers",False
Витаминные комплексы,Витаминные комплексы,dead,0,"1,666",0.0%,0.0%,48.7%,0,Игрушки/Игровые комплексы,"no_commission, no_buyout, no_sellers",False
Женщинам / Бандажи,Бандажи коленные,seasonal,0,782,0.0%,100.0%,39.4%,0,Здоровье/Ортопедия/Бандажи и ортезы,"no_commission, no_sellers",False
Другие полки для дома,Другие полки для дома,seasonal,0,"2,624",0.0%,90.5%,51.7%,0,Бытовая техника/Техника для дома,"no_commission, no_sellers",False
Женщинам / Бандажи,Бандажи локтевые,seasonal,0,610,0.0%,100.0%,34.4%,0,Здоровье/Ортопедия/Бандажи и ортезы,"no_commission, no_sellers",False
Женщинам / Бюстгальтеры и бюстье,Бюстье,seasonal,0,840,0.0%,100.0%,40.6%,0,Женщинам/Белье/Бюстгальтеры и бюстье,"no_commission, no_sellers",False
Колье ювелирная бижутерия,Колье ювелирная бижутерия,dead,0,"2,712",0.0%,0.0%,51.9%,0,Аксессуары/Бижутерия/Колье,"no_commission, no_buyout, no_sellers",False
Дом / Фитинги,Фитинги для насосов,seasonal,0,"1,046",0.0%,100.0%,43.8%,0,Сад и дача/Насосное оборудование/Шланг всасывающий для насоса,"no_commission, no_sellers",False
Аксессуары для фитоламп,Аксессуары для фитоламп,seasonal,0,578,0.0%,93.3%,33.1%,0,Сад и дача/Удобрения и уход за растениями/Все для выращивания рассады/Фитолампы для растений и аксессуары,"no_commission, no_sellers",False
Дом / Открытки,Открытки 18+,seasonal,0,194,0.0%,100.0%,0.0%,0,Дом/Все для праздника/Открытки,"no_commission, no_profit, no_sellers",False
Для ремонта / Бур,Буркини,dead,0,"3,900",0.0%,0.0%,53.5%,0,Для ремонта/Инструменты и оснастка/Расходные материалы и оснастка/Бур,"no_commission, no_buyout, no_sellers",False
Женщинам / Бандажи,Бандажи голени,dead,0,"5,198",0.0%,100.0%,54.4%,0,Здоровье/Ортопедия/Бандажи и ортезы,"no_commission, no_sellers",False
Электрошокеры,Электрошокеры,dead,0,"1,400",2250.0%,0.0%,21.4%,0,,"no_buyout, no_sellers",False
Продукты / Имбирь маринованный,Имбирь,seasonal,0,344,0.0%,100.0%,16.9%,0,Продукты/Бакалея/Консервация/Имбирь маринованный,"no_commission, no_sellers",False
Дом / Держатели,Держатели для полок,seasonal,0,198,0.0%,100.0%,0.0%,0,Дом/Ванная/Держатели,"no_commission, no_profit, no_sellers",False
